region,keyword,id,name,employer,published_at,url,salary_from,salary_to,currency
Москва,data engineer,124461206,Стажер Data Engineer,СБЕР,2025-08-25T18:47:11+0300,https://hh.ru/vacancy/124461206,,,
Москва,data engineer,124543015,DevOps Engineer (Big Data / Data Engineering),TEAMSCORE,2025-08-27T12:41:56+0300,https://hh.ru/vacancy/124543015,,,
Москва,data engineer,124494435,Data Engineer,МТС Финтех,2025-08-28T11:06:24+0300,https://hh.ru/vacancy/124494435,,,
Москва,data engineer,124116380,Data Engineer,Онлайн-школа Тетрика,2025-08-27T15:13:31+0300,https://hh.ru/vacancy/124116380,,,
Москва,data engineer,124492950,Data Engineer,Деко Системс,2025-08-26T12:53:20+0300,https://hh.ru/vacancy/124492950,,,
Москва,data engineer,124453316,Data Engineer (офис),ИЦ АЙ-ТЕКО,2025-08-25T16:56:52+0300,https://hh.ru/vacancy/124453316,300000.0,380000.0,RUR
Москва,data engineer,124501841,Data Engineer,Ozon,2025-08-26T15:05:03+0300,https://hh.ru/vacancy/124501841,,,
Москва,data engineer,123746950,Data Engineer/ инженер данных,Мокка,2025-08-25T11:43:17+0300,https://hh.ru/vacancy/123746950,,,
Москва,data engineer,124445762,"Data Scientist / ML Engineer (маркетплейсы, CTR-модели, Computer Vision)",Богданов Денис Александрович,2025-08-28T15:01:56+0300,https://hh.ru/vacancy/124445762,250000.0,350000.0,RUR
Москва,data engineer,124187534,Data Engineer (ERP Data flow),билайн,2025-08-27T16:51:24+0300,https://hh.ru/vacancy/124187534,,,
Москва,data engineer,124581561,Data Engineer,Tripster,2025-08-28T10:39:36+0300,https://hh.ru/vacancy/124581561,,,
Москва,data engineer,124168879,"Data Engineer (middle, senior)",Делимобиль,2025-08-27T12:45:15+0300,https://hh.ru/vacancy/124168879,,,
Москва,data engineer,121044195,Data Engineer / Дата-инженер,Procter & Gamble,2025-08-28T14:28:45+0300,https://hh.ru/vacancy/121044195,200000.0,,RUR
Москва,data engineer,124555279,Старший Data Engineer,Cloud.ru,2025-08-27T15:56:32+0300,https://hh.ru/vacancy/124555279,,,
Москва,data engineer,124561125,Аналитик данных / Инженер данных/ Data Scientist / Data Analyst / Data engineer,СтандартПроект,2025-08-27T17:41:59+0300,https://hh.ru/vacancy/124561125,,,
Москва,data engineer,124580137,Инженер данных / Data Engineer (Middle),Челеби-Текстиль,2025-08-28T10:18:04+0300,https://hh.ru/vacancy/124580137,150000.0,,RUR
Москва,data engineer,124340536,Data Engineer (Big Data),Платформа ОФД,2025-08-27T17:26:27+0300,https://hh.ru/vacancy/124340536,,,
Москва,data engineer,123751957,Data Engineer,Юрент,2025-08-28T14:37:19+0300,https://hh.ru/vacancy/123751957,,,
Москва,data engineer,124499379,Data Engineer / Инженер Данных,Aston,2025-08-26T14:25:38+0300,https://hh.ru/vacancy/124499379,,,
Москва,data engineer,124563177,Data Engineer,PLC.01,2025-08-27T19:01:22+0300,https://hh.ru/vacancy/124563177,,,
Москва,data engineer,124392400,Senior Data Engineer,Beresnev Games,2025-08-26T11:12:19+0300,https://hh.ru/vacancy/124392400,,,
Москва,data engineer,123427004,Data Engineer,билайн,2025-08-26T13:49:07+0300,https://hh.ru/vacancy/123427004,,,
Москва,data engineer,124583570,Middle/Senior Data Scientist,IMOT.IO,2025-08-28T11:08:36+0300,https://hh.ru/vacancy/124583570,,350000.0,RUR
Москва,data engineer,123763922,Разработчик баз данных / Data Engineer (финансовые системы),Wagner and Experts,2025-08-28T18:56:41+0300,https://hh.ru/vacancy/123763922,,,
Москва,data engineer,124121089,Data Engineer в высоконагруженный проект (Digital & AdTech),ТАРГЕТ АДС,2025-08-27T16:37:36+0300,https://hh.ru/vacancy/124121089,,,
Москва,data engineer,124269050,Data Engineer Hadoop,Datanomica,2025-08-26T11:25:14+0300,https://hh.ru/vacancy/124269050,,173500.0,RUR
Москва,data engineer,123529003,Data Engineer (Сербия),STARTRIBE LTD,2025-08-28T10:11:05+0300,https://hh.ru/vacancy/123529003,,,
Москва,data engineer,124587911,Data Engineer,Лига Цифровой Экономики,2025-08-28T12:16:25+0300,https://hh.ru/vacancy/124587911,,,
Москва,data engineer,124595216,ML-инженер,PARI,2025-08-28T14:26:28+0300,https://hh.ru/vacancy/124595216,,,
Москва,data engineer,124544010,Data Engineer/Дата-инженер (Middle+/Senior),Secreate,2025-08-27T12:54:47+0300,https://hh.ru/vacancy/124544010,,,
Москва,data engineer,123481546,Data Engineer,Дартс рекрутинг сервисез,2025-08-22T10:06:54+0300,https://hh.ru/vacancy/123481546,,,
Москва,data engineer,124338003,Data Engineer,Т-Банк,2025-08-21T16:42:38+0300,https://hh.ru/vacancy/124338003,,,
Москва,data engineer,124267562,Data Engineer,Selecty,2025-08-20T11:06:17+0300,https://hh.ru/vacancy/124267562,,,
Москва,data engineer,124551823,Дата инженер / Инженер по обработке данных,ФГУП ГлавНИВЦ Управления делами Президента Российской Федерации,2025-08-27T14:57:31+0300,https://hh.ru/vacancy/124551823,,,
Москва,data engineer,123338944,"Инженер данных (SQL,Python)",Центральный банк Российской Федерации (Банк России),2025-08-27T16:33:13+0300,https://hh.ru/vacancy/123338944,,,
Москва,data engineer,122520859,Data Engineer ML,Ростелеком Информационные Технологии,2025-08-25T17:10:37+0300,https://hh.ru/vacancy/122520859,,,
Москва,data engineer,124483673,Middle Data Engineer (Интеграционная платформа),РСХБ-Интех,2025-08-26T11:06:29+0300,https://hh.ru/vacancy/124483673,,,
Москва,data engineer,122816673,Data Engineer/Инженер данных,WINLINE,2025-08-26T14:08:17+0300,https://hh.ru/vacancy/122816673,,,
Москва,data engineer,124478964,Data Engineer/Data аналитик,ИЦ АЙ-ТЕКО,2025-08-26T10:14:05+0300,https://hh.ru/vacancy/124478964,,,
Москва,data engineer,124453974,Data инженер DWH/ETL разработчик (Hadoop),Neoflex,2025-08-25T17:08:41+0300,https://hh.ru/vacancy/124453974,,,
Санкт-Петербург,data engineer,124597721,Data Engineer/Дата инженер (стажер),Aston,2025-08-28T15:12:15+0300,https://hh.ru/vacancy/124597721,70000.0,80000.0,RUR
Санкт-Петербург,data engineer,124546822,Data Engineer [Middle],Диплей,2025-08-27T13:42:51+0300,https://hh.ru/vacancy/124546822,,,
Санкт-Петербург,data engineer,124604523,Data Engineer,PLC.01,2025-08-28T17:21:00+0300,https://hh.ru/vacancy/124604523,,,
Санкт-Петербург,data engineer,119445127,Data Engineer,Леста Игры,2025-08-27T17:51:32+0300,https://hh.ru/vacancy/119445127,,,
Санкт-Петербург,data engineer,124580138,Инженер данных / Data Engineer (Middle),Челеби-Текстиль,2025-08-28T10:18:04+0300,https://hh.ru/vacancy/124580138,150000.0,,RUR
Санкт-Петербург,data engineer,119842731,Data Engineer,Koronatech,2025-08-27T07:34:05+0300,https://hh.ru/vacancy/119842731,,,
Санкт-Петербург,data engineer,119070163,Data Engineer,ГЕРОФАРМ,2025-08-25T17:18:11+0300,https://hh.ru/vacancy/119070163,,,
Санкт-Петербург,data engineer,124352184,Data Scientist (в Белград),STARTRIBE LTD,2025-08-28T09:41:19+0300,https://hh.ru/vacancy/124352184,,,
Санкт-Петербург,data engineer,124564121,Data Scientist/Специалист по исследованию данных (Al-агенты),СБЕР,2025-08-27T21:10:30+0300,https://hh.ru/vacancy/124564121,170000.0,220000.0,RUR
Санкт-Петербург,data engineer,119117069,Data Engineer,BI Consult,2025-08-27T15:11:21+0300,https://hh.ru/vacancy/119117069,,,
Санкт-Петербург,data engineer,124512737,ML engineer,Innovative People,2025-08-26T19:05:58+0300,https://hh.ru/vacancy/124512737,,,
Санкт-Петербург,data engineer,124363577,Data-инженер/Python-разработчик,MIE&MIESTILO,2025-08-28T12:20:42+0300,https://hh.ru/vacancy/124363577,,,
Санкт-Петербург,data engineer,124293910,Data Engineer,Oil and Gas Production Tools,2025-08-20T17:26:20+0300,https://hh.ru/vacancy/124293910,,,
Санкт-Петербург,data engineer,124289185,Data Engineer/Дата инженер (ученик),Aston,2025-08-20T16:06:31+0300,https://hh.ru/vacancy/124289185,,,
Санкт-Петербург,data engineer,124600601,Продуктовый аналитик данных,VK,2025-08-28T16:44:05+0300,https://hh.ru/vacancy/124600601,,,
Санкт-Петербург,data engineer,124553839,Middle Data Scientist/MLE,Интерлизинг,2025-08-27T15:29:18+0300,https://hh.ru/vacancy/124553839,,,
Санкт-Петербург,data engineer,117721955,Middle+ / Senior Data-инженер,Линсофтверпродакшн,2025-08-25T10:08:19+0300,https://hh.ru/vacancy/117721955,250000.0,370000.0,RUR
Санкт-Петербург,data engineer,124375850,Ведущий Data Engineer,VK,2025-08-22T15:32:02+0300,https://hh.ru/vacancy/124375850,,,
Санкт-Петербург,data engineer,122050087,Инженер-аналитик (Data Science - NLP/LLMs),ГАЗИНФОРМСЕРВИС,2025-08-26T10:49:23+0300,https://hh.ru/vacancy/122050087,,,
Санкт-Петербург,data engineer,124010022,Преподаватель онлайн курсов/Data Science/ML-инженер,Компьютерная академия TOP (Компьютерная Академия ТОП),2025-08-28T13:10:43+0300,https://hh.ru/vacancy/124010022,,,
Санкт-Петербург,data engineer,124284067,Business Analyst (CFO-1),Genesis Group AG,2025-08-26T14:46:09+0300,https://hh.ru/vacancy/124284067,,,
Санкт-Петербург,data engineer,123716496,Менеджер-практик в отдел BI,Qnits,2025-08-27T18:10:23+0300,https://hh.ru/vacancy/123716496,,200000.0,RUR
Санкт-Петербург,data engineer,124263780,Database Administrator (Clickhouse),iFuture,2025-08-26T10:20:48+0300,https://hh.ru/vacancy/124263780,,,
Санкт-Петербург,data engineer,124028537,RPA-разработчик,M-docs,2025-08-28T20:03:47+0300,https://hh.ru/vacancy/124028537,130000.0,,RUR
Санкт-Петербург,data engineer,123921055,Инженер по PDM/PLM,Наше Небо,2025-08-27T00:43:34+0300,https://hh.ru/vacancy/123921055,150000.0,200000.0,RUR
Санкт-Петербург,data engineer,122062463,Data Engineer (Senior/Middle),Криптонит,2025-08-21T18:43:31+0300,https://hh.ru/vacancy/122062463,,,
Санкт-Петербург,data engineer,124332591,Руководитель группы управления инфраструктурой (Linux),iFuture,2025-08-27T15:20:10+0300,https://hh.ru/vacancy/124332591,,,
Санкт-Петербург,data engineer,122593323,Data Engineer,Мэлон Фэшн Груп,2025-08-08T19:07:23+0300,https://hh.ru/vacancy/122593323,,,
Санкт-Петербург,data engineer,123522399,Инженер-электроник / Инженер по применению (FAE),Элкомтех,2025-08-28T13:30:22+0300,https://hh.ru/vacancy/123522399,90000.0,200000.0,RUR
Санкт-Петербург,data engineer,123287946,Senior C/C++-разработчик (балансировщики трафика),Контур,2025-08-27T07:46:57+0300,https://hh.ru/vacancy/123287946,,,
Санкт-Петербург,data engineer,124037329,ML/Data Engineer,Ресурс Атэ,2025-08-14T09:06:14+0300,https://hh.ru/vacancy/124037329,,,
Санкт-Петербург,data engineer,123916190,Data Engineer (CRM),LuckyGroup,2025-08-11T17:27:47+0300,https://hh.ru/vacancy/123916190,,,
Санкт-Петербург,data engineer,124073186,Data Engineer/Дата инженер,Aston,2025-08-14T14:46:15+0300,https://hh.ru/vacancy/124073186,,,
Санкт-Петербург,data engineer,124022812,Data Engineer / Инженер данных,Марс,2025-08-13T16:45:01+0300,https://hh.ru/vacancy/124022812,,,
Санкт-Петербург,data engineer,124342518,ML инженер (Early Drug Discovery),ГЕРОФАРМ,2025-08-21T18:25:08+0300,https://hh.ru/vacancy/124342518,,,
Санкт-Петербург,data engineer,124107234,Data Engineer (Senior),Газпром нефть,2025-08-15T12:54:00+0300,https://hh.ru/vacancy/124107234,,,
Санкт-Петербург,data engineer,122837835,LLM/ML Engineer,Мэлон Фэшн Груп,2025-08-14T19:28:07+0300,https://hh.ru/vacancy/122837835,,,
Санкт-Петербург,data engineer,122994309,Data Engineer,LuckyGroup,2025-08-13T13:23:13+0300,https://hh.ru/vacancy/122994309,,,
Санкт-Петербург,data engineer,122113979,Data Quality Assurance/Инженер тестирования данных,Криптонит,2025-08-21T18:43:31+0300,https://hh.ru/vacancy/122113979,,,
Санкт-Петербург,data engineer,124192973,Data Engineer (Spark),Т-Банк,2025-08-18T19:28:16+0300,https://hh.ru/vacancy/124192973,,,
Москва,инженер данных,124551823,Дата инженер / Инженер по обработке данных,ФГУП ГлавНИВЦ Управления делами Президента Российской Федерации,2025-08-27T14:57:31+0300,https://hh.ru/vacancy/124551823,,,
Москва,инженер данных,124525197,Инженер 1 категории,Московская объединенная энергетическая компания,2025-08-27T08:51:13+0300,https://hh.ru/vacancy/124525197,99000.0,,RUR
Москва,инженер данных,123338944,"Инженер данных (SQL,Python)",Центральный банк Российской Федерации (Банк России),2025-08-27T16:33:13+0300,https://hh.ru/vacancy/123338944,,,
Москва,инженер данных,124530124,Инженер по метрологии,ФБУ НИЦ ПМ - РОСТЕСТ,2025-08-27T09:58:58+0300,https://hh.ru/vacancy/124530124,100000.0,,RUR
Москва,инженер данных,124217590,"Инженер по информационной безопасности,VipNet, Unix/инженер криптографии",Статус Комплайнс,2025-08-28T11:15:02+0300,https://hh.ru/vacancy/124217590,200000.0,350000.0,RUR
Москва,инженер данных,124545275,Сервисный инженер (аналитическое оборудование),ГЕТ ЭКСПЕРТС РЕКРУТМЕНТ,2025-08-27T13:16:06+0300,https://hh.ru/vacancy/124545275,,160000.0,RUR
Москва,инженер данных,124265916,Инженер систем мониторинга,Комс,2025-08-20T10:46:18+0300,https://hh.ru/vacancy/124265916,200000.0,,RUR
Москва,инженер данных,124001394,Инженер технической поддержки,AERODISK,2025-08-28T11:11:53+0300,https://hh.ru/vacancy/124001394,130000.0,,RUR
Москва,инженер данных,112601135,Ведущий инженер в отдел внедрения ИТ,РАМЭК - ВС,2025-08-26T15:23:47+0300,https://hh.ru/vacancy/112601135,190000.0,,RUR
Москва,инженер данных,124370877,Инженер-программист,Альбакор ИИР,2025-08-28T13:28:20+0300,https://hh.ru/vacancy/124370877,120000.0,,RUR
Москва,инженер данных,124580137,Инженер данных / Data Engineer (Middle),Челеби-Текстиль,2025-08-28T10:18:04+0300,https://hh.ru/vacancy/124580137,150000.0,,RUR
Москва,инженер данных,123609329,IT-инженер/системный инженер,3 Бизнес Системы,2025-08-28T16:07:53+0300,https://hh.ru/vacancy/123609329,170000.0,,RUR
Москва,инженер данных,124461206,Стажер Data Engineer,СБЕР,2025-08-25T18:47:11+0300,https://hh.ru/vacancy/124461206,,,
Москва,инженер данных,124527611,Инженер группы технологии информационного моделирования (УКС),Мосводоканал,2025-08-27T09:25:11+0300,https://hh.ru/vacancy/124527611,111000.0,111000.0,RUR
Москва,инженер данных,124511695,Ведущий системный инженер,Алреадиком,2025-08-26T18:30:33+0300,https://hh.ru/vacancy/124511695,250000.0,250000.0,RUR
Москва,инженер данных,123572041,DevOps инженер (стажер),Aston,2025-08-28T10:34:46+0300,https://hh.ru/vacancy/123572041,70000.0,80000.0,RUR
Москва,инженер данных,124504667,Инженер отдела информационных технологий,ОЦВ Отраслевой Центр Внедрения Новой Техники и Технологий,2025-08-26T15:49:40+0300,https://hh.ru/vacancy/124504667,200000.0,200000.0,RUR
Москва,инженер данных,124021279,Инженер по лазерному сканированию,ВНИПИнефть,2025-08-26T14:40:32+0300,https://hh.ru/vacancy/124021279,150000.0,,RUR
Москва,инженер данных,120415325,Инженер | Отдел стальной брони,НИИ Стали,2025-08-27T09:07:07+0300,https://hh.ru/vacancy/120415325,109900.0,109900.0,RUR
Москва,инженер данных,124418234,Аналитик в департамент мониторинга,АЛМАЗ,2025-08-28T09:36:40+0300,https://hh.ru/vacancy/124418234,110000.0,,RUR
Москва,инженер данных,124218418,Инженер данных внешних источников,«ОХК «Уралхим»,2025-08-25T09:02:22+0300,https://hh.ru/vacancy/124218418,,,
Москва,инженер данных,123572041,DevOps инженер (стажер),Aston,2025-08-28T10:34:46+0300,https://hh.ru/vacancy/123572041,70000.0,80000.0,RUR
Москва,инженер данных,121044195,Data Engineer / Дата-инженер,Procter & Gamble,2025-08-28T14:28:45+0300,https://hh.ru/vacancy/121044195,200000.0,,RUR
Москва,инженер данных,124504667,Инженер отдела информационных технологий,ОЦВ Отраслевой Центр Внедрения Новой Техники и Технологий,2025-08-26T15:49:40+0300,https://hh.ru/vacancy/124504667,200000.0,200000.0,RUR
Москва,инженер данных,120103897,Ведущий инженер (ИЛВ),ФГУП Центральный научно-исследовательский институт химии и механики,2025-08-28T10:38:22+0300,https://hh.ru/vacancy/120103897,100000.0,130000.0,RUR
Москва,инженер данных,124596769,Инженер-проектировщик,Морозов Владимир Вячеславович,2025-08-28T14:55:20+0300,https://hh.ru/vacancy/124596769,110000.0,110000.0,RUR
Москва,инженер данных,120805847,Ведущий инженер базы данных НСИ,НПП ПУЛЬСАР,2025-08-25T17:42:00+0300,https://hh.ru/vacancy/120805847,,,
Москва,инженер данных,124007025,Инженер ТСБ,WILDBERRIES,2025-08-25T11:25:51+0300,https://hh.ru/vacancy/124007025,210000.0,,RUR
Москва,инженер данных,119480513,Инженер по защите информации (1770),ЦНИИАГ,2025-08-25T09:18:01+0300,https://hh.ru/vacancy/119480513,,100000.0,RUR
Москва,инженер данных,123634576,Инженер по сопровождению (Электронный документооборот),Платформа ОФД,2025-08-26T10:35:45+0300,https://hh.ru/vacancy/123634576,80000.0,110000.0,RUR
Москва,инженер данных,124021279,Инженер по лазерному сканированию,ВНИПИнефть,2025-08-26T14:40:32+0300,https://hh.ru/vacancy/124021279,150000.0,,RUR
Москва,инженер данных,122558878,Ведущий инженер Центра Мониторинга,ЧОП Альфа-Легион,2025-08-26T10:15:04+0300,https://hh.ru/vacancy/122558878,110000.0,,RUR
Москва,инженер данных,123931878,"Дежурный инженер (ПО, витрины данных)",РТК-СОФТ,2025-08-27T09:27:10+0300,https://hh.ru/vacancy/123931878,,,
Москва,инженер данных,120415325,Инженер | Отдел стальной брони,НИИ Стали,2025-08-27T09:07:07+0300,https://hh.ru/vacancy/120415325,109900.0,109900.0,RUR
Москва,инженер данных,122347805,Инженер группы инженерно-технической поддержки,UTG Group,2025-08-28T16:57:25+0300,https://hh.ru/vacancy/122347805,160875.0,,RUR
Москва,инженер данных,124418234,Аналитик в департамент мониторинга,АЛМАЗ,2025-08-28T09:36:40+0300,https://hh.ru/vacancy/124418234,110000.0,,RUR
Москва,инженер данных,123814763,Инженер технической поддержки ПО (OpenSource),Т1,2025-08-28T16:10:42+0300,https://hh.ru/vacancy/123814763,,,
Москва,инженер данных,123452705,Инженер системы мониторинга,SberTech,2025-08-27T11:47:00+0300,https://hh.ru/vacancy/123452705,,,
Москва,инженер данных,124443560,Главный специалист-эксперт Департамента развития искусственного интеллекта и больших данных,"Министерство цифрового развития, связи и массовых коммуникаций Российской Федерации",2025-08-25T14:32:38+0300,https://hh.ru/vacancy/124443560,65000.0,,RUR
Москва,инженер данных,124598206,Инженер-картограф / ГИС специалист,Центр экологической безопасности гражданской авиации,2025-08-28T15:18:45+0300,https://hh.ru/vacancy/124598206,,130000.0,RUR
Санкт-Петербург,инженер данных,124426012,Инженер по обработке и внесению технических данных,Астра Марин Софт,2025-08-28T11:03:41+0300,https://hh.ru/vacancy/124426012,70000.0,,RUR
Санкт-Петербург,инженер данных,124584143,Инженер данных,"Лента, федеральная розничная сеть",2025-08-28T11:17:10+0300,https://hh.ru/vacancy/124584143,,,
Санкт-Петербург,инженер данных,124601995,Младший инженер данных,STOMODOMO GROUP,2025-08-28T16:29:23+0300,https://hh.ru/vacancy/124601995,,73950.0,RUR
Санкт-Петербург,инженер данных,124224983,Инженер,Кальдера,2025-08-19T12:48:13+0300,https://hh.ru/vacancy/124224983,75000.0,90000.0,RUR
Санкт-Петербург,инженер данных,121207988,Инженер по техническому сопровождению (Стажер),Центр финансовых технологий,2025-08-25T05:50:40+0300,https://hh.ru/vacancy/121207988,,,
Санкт-Петербург,инженер данных,123847117,Инженер по технической поддержке систем вибродиагностики / Начинающий специалист,ВАСТ Ассоциация,2025-08-26T17:06:45+0300,https://hh.ru/vacancy/123847117,60000.0,90000.0,RUR
Санкт-Петербург,инженер данных,121128873,Инженер 1 категории в Службу пассажирских сервисов,"Петербургский Метрополитен, государственное унитарное предприятие",2025-08-27T14:06:22+0300,https://hh.ru/vacancy/121128873,109249.0,,RUR
Санкт-Петербург,инженер данных,121115264,Системный инженер,"Петербургский Метрополитен, государственное унитарное предприятие",2025-08-27T10:39:49+0300,https://hh.ru/vacancy/121115264,135300.0,159260.0,RUR
Санкт-Петербург,инженер данных,124225681,Сетевой инженер,ГлобалНет,2025-08-28T12:56:56+0300,https://hh.ru/vacancy/124225681,180000.0,,RUR
Санкт-Петербург,инженер данных,124597721,Data Engineer/Дата инженер (стажер),Aston,2025-08-28T15:12:15+0300,https://hh.ru/vacancy/124597721,70000.0,80000.0,RUR
Санкт-Петербург,инженер данных,124603685,Инженер отдела технической поддержки,Инжиниринговый холдинг «эВ-групп»,2025-08-28T17:02:21+0300,https://hh.ru/vacancy/124603685,80000.0,90000.0,RUR
Санкт-Петербург,инженер данных,124600601,Продуктовый аналитик данных,VK,2025-08-28T16:44:05+0300,https://hh.ru/vacancy/124600601,,,
Санкт-Петербург,инженер данных,123856211,Специалист по технической документации,РНИИ Электронстандарт,2025-08-27T11:38:07+0300,https://hh.ru/vacancy/123856211,76960.0,76960.0,RUR
Санкт-Петербург,инженер данных,124435264,Инженер 2-й линии технической поддержки,CSI (Кристалл Сервис Интеграция),2025-08-25T12:51:16+0300,https://hh.ru/vacancy/124435264,87000.0,,RUR
Санкт-Петербург,инженер данных,123296030,Сетевой инженер,АйТи Бизнес Консалтинг,2025-08-27T09:45:03+0300,https://hh.ru/vacancy/123296030,100000.0,,RUR
Санкт-Петербург,инженер данных,124354871,Инженер,ФКУ ЦХиСО ГУ МВД России по г.Санкт-Петербургу и Ленинградской области,2025-08-22T10:21:25+0300,https://hh.ru/vacancy/124354871,45000.0,80000.0,RUR
Санкт-Петербург,инженер данных,123314124,Инженер технической поддержки продаж,Т-Софт,2025-08-27T12:52:29+0300,https://hh.ru/vacancy/123314124,70000.0,,RUR
Санкт-Петербург,инженер данных,124487740,Инженер отдела сервиса ПТК,ТЕКОН СИБИРЬ,2025-08-26T11:47:53+0300,https://hh.ru/vacancy/124487740,140000.0,,RUR
Санкт-Петербург,инженер данных,122868687,"Инженер-проектировщик, инженер-разработчик технических средств САУ и АСУ ТП",НПФ Система-Сервис,2025-08-27T14:13:48+0300,https://hh.ru/vacancy/122868687,100000.0,,RUR
Санкт-Петербург,инженер данных,124418366,Куратор чертежников (Ведущий инженер),Лидер-Эксперт,2025-08-28T09:38:29+0300,https://hh.ru/vacancy/124418366,85000.0,100000.0,RUR
Санкт-Петербург,инженер данных,117748850,Инженер,"ЭВРИКА, Санкт-Петербург",2025-08-25T16:18:51+0300,https://hh.ru/vacancy/117748850,,,
Санкт-Петербург,инженер данных,124289963,Инженер баз данных,СБЕР,2025-08-20T16:18:00+0300,https://hh.ru/vacancy/124289963,,115000.0,RUR
Санкт-Петербург,инженер данных,124580138,Инженер данных / Data Engineer (Middle),Челеби-Текстиль,2025-08-28T10:18:04+0300,https://hh.ru/vacancy/124580138,150000.0,,RUR
Санкт-Петербург,инженер данных,123921055,Инженер по PDM/PLM,Наше Небо,2025-08-27T00:43:34+0300,https://hh.ru/vacancy/123921055,150000.0,200000.0,RUR
Санкт-Петербург,инженер данных,124548035,Программист-стажер 1С (сервис-инженер/Junior),Вектро Прагматик,2025-08-27T14:04:14+0300,https://hh.ru/vacancy/124548035,50000.0,,RUR
Санкт-Петербург,инженер данных,124430508,Инженер технической поддержки,NAUMEN,2025-08-25T11:55:02+0300,https://hh.ru/vacancy/124430508,,,
Санкт-Петербург,инженер данных,123944730,Техник по подготовке производства / Инженер по подготовке производства / Инженер,ПТК Аргос-Электрон,2025-08-27T12:16:12+0300,https://hh.ru/vacancy/123944730,69600.0,104400.0,RUR
Санкт-Петербург,инженер данных,124379227,Инженер по мониторингу,Триколор,2025-08-28T15:58:40+0300,https://hh.ru/vacancy/124379227,,,
Санкт-Петербург,инженер данных,121335525,Реверс-инженер,MARSHALL,2025-08-25T11:29:16+0300,https://hh.ru/vacancy/121335525,,,
Санкт-Петербург,инженер данных,124444923,Ведущий инженер технического отдела,Газпром телеком,2025-08-28T14:51:22+0300,https://hh.ru/vacancy/124444923,,,
Санкт-Петербург,инженер данных,123856185,Инженер входного контроля,РНИИ Электронстандарт,2025-08-27T11:33:47+0300,https://hh.ru/vacancy/123856185,81900.0,90000.0,RUR
Санкт-Петербург,инженер данных,123448157,Инженер технической лаборатории,Концерн Гранит-Электрон,2025-08-27T09:48:38+0300,https://hh.ru/vacancy/123448157,78700.0,102000.0,RUR
Санкт-Петербург,инженер данных,123940551,Инженер/специалист по защите информации,Инсек-Сз,2025-08-27T11:20:59+0300,https://hh.ru/vacancy/123940551,80000.0,,RUR
Санкт-Петербург,инженер данных,124333500,Инженер сервисного отдела,Морские Комплексы и Системы,2025-08-27T15:34:47+0300,https://hh.ru/vacancy/124333500,121000.0,,RUR
Санкт-Петербург,инженер данных,124193348,It-Инженер,ЭКОС СЕКЬЮРИТИ РУС,2025-08-27T20:10:07+0300,https://hh.ru/vacancy/124193348,110000.0,,RUR
Санкт-Петербург,инженер данных,123535066,Инженер по ИИ-конвейерам (n8n + Python),Инфостарт,2025-08-28T17:15:29+0300,https://hh.ru/vacancy/123535066,140000.0,,RUR
Санкт-Петербург,инженер данных,124439855,Инженер отдела снабжения,ПМЦ Авангард,2025-08-28T13:45:59+0300,https://hh.ru/vacancy/124439855,100000.0,,RUR
Санкт-Петербург,инженер данных,123702576,Инженер ОТК,Теком,2025-08-27T14:05:54+0300,https://hh.ru/vacancy/123702576,70000.0,,RUR
Санкт-Петербург,инженер данных,71759029,Сетевой инженер,СПб ГУП «АТС Смольного»,2025-08-26T10:36:39+0300,https://hh.ru/vacancy/71759029,85000.0,,RUR
Санкт-Петербург,инженер данных,124297543,Инженер технической поддержки,СЗЭМО Инвертор,2025-08-20T20:24:52+0300,https://hh.ru/vacancy/124297543,80460.0,137950.0,RUR
Москва,sql разработчик,124192680,Программист SQL,Смарт Дельта Системс,2025-08-27T19:00:32+0300,https://hh.ru/vacancy/124192680,130000.0,,RUR
Москва,sql разработчик,124510967,SQL-разработчик,Copperside,2025-08-26T17:56:30+0300,https://hh.ru/vacancy/124510967,,,
Москва,sql разработчик,124480792,SQL-разработчик,Умный Кошелек,2025-08-26T10:33:10+0300,https://hh.ru/vacancy/124480792,50000.0,,RUR
Москва,sql разработчик,124411400,Разработчик хранилища данных (ETL),Современные Бизнес-Аналитические Решения,2025-08-28T07:48:28+0300,https://hh.ru/vacancy/124411400,,200000.0,RUR
Москва,sql разработчик,123961068,Программист (Junior),СП Диджитал,2025-08-27T14:30:01+0300,https://hh.ru/vacancy/123961068,,100000.0,RUR
Москва,sql разработчик,124536644,Младший разработчик,GlowByte,2025-08-27T11:18:42+0300,https://hh.ru/vacancy/124536644,,,
Москва,sql разработчик,124553088,Разработчик баз данных,"ЗЕНИТ, банк",2025-08-27T15:15:35+0300,https://hh.ru/vacancy/124553088,,,
Москва,sql разработчик,124178937,SQL разработчик (брокерская деятельность),ИК РИКОМ-ТРАСТ,2025-08-27T14:51:28+0300,https://hh.ru/vacancy/124178937,,,
Москва,sql разработчик,124028985,Программист Python,ДЖЕЙКЕТ РАБОТА,2025-08-25T21:17:47+0300,https://hh.ru/vacancy/124028985,100000.0,140000.0,RUR
Москва,sql разработчик,124606257,Разработчик SQL (Отчетность ЦБ РФ),Diasoft,2025-08-28T18:08:53+0300,https://hh.ru/vacancy/124606257,,,
Москва,sql разработчик,124505569,Специалист эксплуатации и технической поддержки ИС (со знанием SQL),РТС-тендер,2025-08-26T16:04:58+0300,https://hh.ru/vacancy/124505569,,,
Москва,sql разработчик,124594815,Разработчик DWH,Мясницкий ряд,2025-08-28T14:19:06+0300,https://hh.ru/vacancy/124594815,350000.0,,RUR
Москва,sql разработчик,124450018,PL/SQL Разработчик,ГКУ Инфогород,2025-08-25T16:04:35+0300,https://hh.ru/vacancy/124450018,,,
Москва,sql разработчик,124559448,Разработчик Oracle PL/SQL,Цифровые технологии и платформы,2025-08-27T17:15:36+0300,https://hh.ru/vacancy/124559448,,,
Москва,sql разработчик,124558327,Power BI разработчик,Data-Power,2025-08-27T16:51:48+0300,https://hh.ru/vacancy/124558327,100000.0,,RUR
Москва,sql разработчик,124275952,Аналитик системный,ДЖЕЙКЕТ РАБОТА,2025-08-26T12:51:20+0300,https://hh.ru/vacancy/124275952,100000.0,135000.0,RUR
Москва,sql разработчик,124321970,Младший Frontend-разработчик (BI),Дельта Джи,2025-08-27T12:29:56+0300,https://hh.ru/vacancy/124321970,40000.0,,RUR
Москва,sql разработчик,124564934,Программист-разработчик,Электронное меню,2025-08-28T01:06:48+0300,https://hh.ru/vacancy/124564934,120000.0,180000.0,RUR
Москва,sql разработчик,124365455,Младший программист 1С / Junior SQL / системный аналитик,Кластерные технологии Софтпоинт,2025-08-28T12:05:35+0300,https://hh.ru/vacancy/124365455,,,
Москва,sql разработчик,124461097,Инженер-программист,Центр Информационных Технологий и Консалтинга Парус,2025-08-28T18:40:49+0300,https://hh.ru/vacancy/124461097,80000.0,180000.0,RUR
Москва,sql разработчик,124324072,Разработчик баз данных (PostgreSQL),CoMagic.dev,2025-08-27T13:00:54+0300,https://hh.ru/vacancy/124324072,,,
Москва,sql разработчик,123419058,PL/SQL разработчик (middle-senior),"РЕСО-Гарантия, САО",2025-08-27T11:21:18+0300,https://hh.ru/vacancy/123419058,,,
Москва,sql разработчик,123205735,Разработчик SQL (Middle+/Senior),Правительство Москвы,2025-08-23T14:55:51+0300,https://hh.ru/vacancy/123205735,,,
Москва,sql разработчик,123348068,Разработчик PL/SQL,Среда Возможностей,2025-08-26T11:45:18+0300,https://hh.ru/vacancy/123348068,124800.0,,RUR
Москва,sql разработчик,124552233,Разработчик,ВЭБ.РФ,2025-08-27T15:04:40+0300,https://hh.ru/vacancy/124552233,,,
Москва,sql разработчик,123332868,Программист/разработчик баз данных PL/SQL (Senior),ФГБУ ЦКБ с поликлиникой УДП РФ,2025-08-26T15:40:40+0300,https://hh.ru/vacancy/123332868,220000.0,,RUR
Москва,sql разработчик,124512409,Middle Backend разработчик,Aiti Guru,2025-08-26T18:47:29+0300,https://hh.ru/vacancy/124512409,150000.0,,RUR
Москва,sql разработчик,124438558,Backend-разработчик (Junior/Middle),Панин Павел Сергеевич,2025-08-25T13:27:49+0300,https://hh.ru/vacancy/124438558,120000.0,180000.0,RUR
Москва,sql разработчик,124443955,SQL разработчик (разработчик баз данных),ИЦ АЙ-ТЕКО,2025-08-25T14:37:53+0300,https://hh.ru/vacancy/124443955,,,
Москва,sql разработчик,124605607,Cтажер-разработчик C#,Mindbox,2025-08-28T17:44:15+0300,https://hh.ru/vacancy/124605607,37000.0,37000.0,RUR
Москва,sql разработчик,123362498,Программист SQL,Компания БКС,2025-08-25T10:13:16+0300,https://hh.ru/vacancy/123362498,,,
Москва,sql разработчик,124557789,Разработчик Oracle,РДТЕХ,2025-08-27T16:39:00+0300,https://hh.ru/vacancy/124557789,,,
Москва,sql разработчик,124271158,Аналитик/Разработчик SQL,АСТ ГОЗ,2025-08-26T11:54:00+0300,https://hh.ru/vacancy/124271158,130000.0,,RUR
Москва,sql разработчик,123328831,Разработчик Oracle PL/SQL,"Авангард, АКБ",2025-08-25T18:43:12+0300,https://hh.ru/vacancy/123328831,,,
Москва,sql разработчик,124418538,"Разработчик SQL (MS SQL, Postgres)",Совкомбанк Технологии,2025-08-25T09:40:20+0300,https://hh.ru/vacancy/124418538,,,
Москва,sql разработчик,120403853,Full-stack аналитик junior,ABCP,2025-08-25T23:25:00+0300,https://hh.ru/vacancy/120403853,170000.0,,RUR
Москва,sql разработчик,124365954,Ведущий программист-разработчик Oracle (аккредитованная ИТ-компания),ИТ Онли,2025-08-28T12:14:26+0300,https://hh.ru/vacancy/124365954,,291500.0,RUR
Москва,sql разработчик,124342967,Junior Java Developer,Заровняева Юлия Юрьевна,2025-08-27T18:55:23+0300,https://hh.ru/vacancy/124342967,70000.0,100000.0,RUR
Москва,sql разработчик,124585451,Разработчик BI,Объединение РОСИНКАС,2025-08-28T11:38:48+0300,https://hh.ru/vacancy/124585451,150000.0,,RUR
Москва,sql разработчик,124607067,Разработчик BI,«ОТИСИФАРМ»,2025-08-28T18:49:02+0300,https://hh.ru/vacancy/124607067,,,
Санкт-Петербург,sql разработчик,123456084,"Начинающий программист Delphi, MS SQL",Карвиль,2025-08-27T10:38:27+0300,https://hh.ru/vacancy/123456084,85000.0,130000.0,RUR
Санкт-Петербург,sql разработчик,124577585,Инженер-программист,ГУ МВД России по г. Санкт-Петербургу и Ленинградской области,2025-08-28T09:39:12+0300,https://hh.ru/vacancy/124577585,45000.0,,RUR
Санкт-Петербург,sql разработчик,124529978,Разработчик pl/sql,ЭР-Телеком Холдинг,2025-08-27T09:56:48+0300,https://hh.ru/vacancy/124529978,,,
Санкт-Петербург,sql разработчик,122697405,Программист SQL (Junior),ПКО Филберт,2025-08-21T16:26:32+0300,https://hh.ru/vacancy/122697405,,,
Санкт-Петербург,sql разработчик,124313058,Специалист онлайн внедрения ПО,Синтека,2025-08-27T10:28:02+0300,https://hh.ru/vacancy/124313058,75000.0,85000.0,RUR
Санкт-Петербург,sql разработчик,123455848,"Программист MS SQL, C#, Delphi",Карвиль,2025-08-27T10:35:31+0300,https://hh.ru/vacancy/123455848,250000.0,300000.0,RUR
Санкт-Петербург,sql разработчик,124606275,Senior PL/SQL Developer,Квантек,2025-08-28T18:10:03+0300,https://hh.ru/vacancy/124606275,,,
Санкт-Петербург,sql разработчик,124607211,Разработчик баз данных / разработчик SQL / PostgreSQL,Evercode Lab,2025-08-28T19:01:51+0300,https://hh.ru/vacancy/124607211,,,
Санкт-Петербург,sql разработчик,124461732,Разработчик баз данных,Digital Design,2025-08-25T19:24:51+0300,https://hh.ru/vacancy/124461732,,,
Санкт-Петербург,sql разработчик,124354065,Server Core Programmer (intern),Леста Игры,2025-08-28T10:13:44+0300,https://hh.ru/vacancy/124354065,,,
Санкт-Петербург,sql разработчик,124276508,BI разработчик,Группа BLcons,2025-08-26T12:58:48+0300,https://hh.ru/vacancy/124276508,,,
Санкт-Петербург,sql разработчик,122515570,Team Lead BI/SQL (небольшой команды разработчиков баз данных MS SQL),Lasmart,2025-08-28T10:42:25+0300,https://hh.ru/vacancy/122515570,,,
Санкт-Петербург,sql разработчик,114568147,Разработчик MS SSAS (Microsoft SQL Server Analysis Services),"Красное & Белое, розничная сеть",2025-08-26T10:26:55+0300,https://hh.ru/vacancy/114568147,150000.0,,RUR
Санкт-Петербург,sql разработчик,124482171,BI разработчик / BI аналитик,Неватех,2025-08-26T10:50:47+0300,https://hh.ru/vacancy/124482171,,250000.0,RUR
Санкт-Петербург,sql разработчик,123913542,Разработчик хранилища данных и отчетности (DWH/ BI),"585, Холдинг",2025-08-26T16:53:51+0300,https://hh.ru/vacancy/123913542,,,
Санкт-Петербург,sql разработчик,124339114,Python-разработчик в отдел аналитики данных,MIE&MIESTILO,2025-08-27T14:48:23+0300,https://hh.ru/vacancy/124339114,,,
Санкт-Петербург,sql разработчик,124028537,RPA-разработчик,M-docs,2025-08-28T20:03:47+0300,https://hh.ru/vacancy/124028537,130000.0,,RUR
Санкт-Петербург,sql разработчик,124356141,"Инженер-программист (VBA, SQL)",Решение,2025-08-22T10:32:28+0300,https://hh.ru/vacancy/124356141,67800.0,90400.0,RUR
Санкт-Петербург,sql разработчик,124341161,Developer C# / .NET,Вайскод,2025-08-27T17:40:27+0300,https://hh.ru/vacancy/124341161,200000.0,240000.0,RUR
Санкт-Петербург,sql разработчик,123535066,Инженер по ИИ-конвейерам (n8n + Python),Инфостарт,2025-08-28T17:15:29+0300,https://hh.ru/vacancy/123535066,140000.0,,RUR
Санкт-Петербург,sql разработчик,124577521,Разработчик BI,SKL Group,2025-08-28T09:38:13+0300,https://hh.ru/vacancy/124577521,,,
Санкт-Петербург,sql разработчик,124341439,Разработчик/Администратор баз данных,Инситех,2025-08-27T16:38:26+0300,https://hh.ru/vacancy/124341439,,,
Санкт-Петербург,sql разработчик,114563258,Программист .Net,"Красное & Белое, розничная сеть",2025-08-26T09:53:44+0300,https://hh.ru/vacancy/114563258,,,
Санкт-Петербург,sql разработчик,124546822,Data Engineer [Middle],Диплей,2025-08-27T13:42:51+0300,https://hh.ru/vacancy/124546822,,,
Санкт-Петербург,sql разработчик,124594614,"Бэкенд разработчик (backend developer, middle)",Арман,2025-08-28T14:15:34+0300,https://hh.ru/vacancy/124594614,,,
Санкт-Петербург,sql разработчик,124589432,Программист QlikView/Qlik Sense,BI Consult,2025-08-28T12:45:41+0300,https://hh.ru/vacancy/124589432,,,
Санкт-Петербург,sql разработчик,124552386,Python-разработчик (middle++),Неоком,2025-08-27T15:07:20+0300,https://hh.ru/vacancy/124552386,210000.0,,RUR
Санкт-Петербург,sql разработчик,124485914,Старший BI Разработчик,SKL Group,2025-08-26T11:28:51+0300,https://hh.ru/vacancy/124485914,,,
Санкт-Петербург,sql разработчик,123744387,Стажер-программист 1С,ПитерСофт,2025-08-28T12:32:25+0300,https://hh.ru/vacancy/123744387,,,
Санкт-Петербург,sql разработчик,124393277,Веб-программист,Компания Л1,2025-08-26T09:57:48+0300,https://hh.ru/vacancy/124393277,,,
Санкт-Петербург,sql разработчик,124432442,Системный аналитик,Retouch4me,2025-08-25T12:18:30+0300,https://hh.ru/vacancy/124432442,180000.0,230000.0,RUR
Санкт-Петербург,sql разработчик,119912252,Администратор баз данных,СПБ ГБУ ИМЦ,2025-08-25T11:10:56+0300,https://hh.ru/vacancy/119912252,150000.0,,RUR
Санкт-Петербург,sql разработчик,124188725,"Программист C# (.net core, full stack)",Системы информации и связи,2025-08-27T17:08:15+0300,https://hh.ru/vacancy/124188725,180000.0,,RUR
Санкт-Петербург,sql разработчик,123606486,Администратор баз данных (DBA),Решение,2025-08-28T15:27:09+0300,https://hh.ru/vacancy/123606486,203400.0,226000.0,RUR
Санкт-Петербург,sql разработчик,124592725,Программист C#,КОНТУР-НИИРС,2025-08-28T13:44:36+0300,https://hh.ru/vacancy/124592725,,,
Санкт-Петербург,sql разработчик,121898472,Low-code разработчик ELMA,ELMA,2025-08-28T11:58:28+0300,https://hh.ru/vacancy/121898472,,,
Санкт-Петербург,sql разработчик,124363577,Data-инженер/Python-разработчик,MIE&MIESTILO,2025-08-28T12:20:42+0300,https://hh.ru/vacancy/124363577,,,
Санкт-Петербург,sql разработчик,124184321,Программист-разработчик С++/Qt,Аэродин,2025-08-27T16:09:46+0300,https://hh.ru/vacancy/124184321,150000.0,,RUR
Санкт-Петербург,sql разработчик,124443598,Java разработчик/Java Developer (ученик),Aston,2025-08-25T14:33:24+0300,https://hh.ru/vacancy/124443598,70000.0,80000.0,RUR
Санкт-Петербург,sql разработчик,124461492,Senior Системный аналитик,АйТиКвик,2025-08-25T19:12:49+0300,https://hh.ru/vacancy/124461492,380000.0,450000.0,RUR
Москва,dba,123940633,DBA,GloryTech,2025-08-27T11:21:47+0300,https://hh.ru/vacancy/123940633,3000.0,5000.0,USD
Москва,dba,123670565,Администратор баз данных (DBA),Безлимит,2025-08-26T18:17:53+0300,https://hh.ru/vacancy/123670565,250000.0,,RUR
Москва,dba,124439468,DBA postgres,Centicore,2025-08-25T13:40:23+0300,https://hh.ru/vacancy/124439468,,350000.0,RUR
Москва,dba,124521423,Администратор БД PostrgeSQL/ Junior PostrgeSQL DBA,АО «ОТП Банк» (JSC «OTP Bank»),2025-08-27T07:41:28+0300,https://hh.ru/vacancy/124521423,,,
Москва,dba,124124874,Администратор баз данных PostgreSQL (DBA),Альфа-Банк,2025-08-25T15:05:56+0300,https://hh.ru/vacancy/124124874,,,
Москва,dba,123573814,Администратор баз данных / DBA (PostgreSQL),CoMagic.dev,2025-08-28T10:43:47+0300,https://hh.ru/vacancy/123573814,,,
Москва,dba,124433746,Администратор баз данных (MySQL) / Senior DBA,Топассистент,2025-08-25T12:33:36+0300,https://hh.ru/vacancy/124433746,5000.0,,EUR
Москва,dba,124526225,Администратор баз данных PostgreSQL (DBA),ГАУ ИТЦ СОЦЗАЩИТА МОСКВЫ,2025-08-27T09:08:04+0300,https://hh.ru/vacancy/124526225,,,
Москва,dba,124270869,Администратор баз данных (DBA),АСТ ГОЗ,2025-08-26T11:50:42+0300,https://hh.ru/vacancy/124270869,200000.0,,RUR
Москва,dba,124304133,Администратор баз данных Clickhouse / Database Administrator ClickHouse (DBA),Топассистент,2025-08-21T08:00:43+0300,https://hh.ru/vacancy/124304133,4000.0,,EUR
Москва,dba,124106614,Администратор баз данных (Postgresql) / DBA,билайн,2025-08-27T12:41:07+0300,https://hh.ru/vacancy/124106614,,,
Москва,dba,121342650,Ведущий инженер DBA,Nexign (АО Нэксайн),2025-08-26T09:19:13+0300,https://hh.ru/vacancy/121342650,,,
Москва,dba,122056652,Администратор баз данных (DBA),Bayer,2025-08-25T14:16:54+0300,https://hh.ru/vacancy/122056652,,,
Москва,dba,124444160,Администратор базы данных/DBA PostgreSQL,Группа компаний РБЕ (RBE Group),2025-08-25T14:40:59+0300,https://hh.ru/vacancy/124444160,,,
Москва,dba,122716740,Администратор баз данных (Postgresql) / DBA,билайн,2025-08-28T15:37:34+0300,https://hh.ru/vacancy/122716740,,,
Москва,dba,124450027,Oracle DBA,Ингосстрах,2025-08-25T16:04:44+0300,https://hh.ru/vacancy/124450027,,,
Москва,dba,123614949,Администратор баз данных / DBA PostgreSQL,Inecobank CJSC,2025-08-28T17:44:55+0300,https://hh.ru/vacancy/123614949,,,
Москва,dba,124550324,Ведущий разработчик баз данных (DBA),БЮРО 1440,2025-08-27T14:39:28+0300,https://hh.ru/vacancy/124550324,,,
Москва,dba,124169097,Администратор баз данных PostgreSQL (DBA),БФТ-Холдинг,2025-08-26T18:14:03+0300,https://hh.ru/vacancy/124169097,,,
Москва,dba,124356524,DBA Clickhouse в команду Core,WILDBERRIES,2025-08-25T17:30:40+0300,https://hh.ru/vacancy/124356524,,,
Москва,dba,123470472,DBA/Database administrator,Spice IT,2025-08-25T16:09:19+0300,https://hh.ru/vacancy/123470472,,,
Москва,dba,124460019,Администратор баз данных (ClickHouse),WILDBERRIES,2025-08-25T18:02:18+0300,https://hh.ru/vacancy/124460019,,,
Москва,dba,123558757,Администратор баз данных (DBA),Петербургская Биржа,2025-08-28T09:14:57+0300,https://hh.ru/vacancy/123558757,,,
Москва,dba,124546792,Системный администратор,ЦЕНТРОФИНАНС,2025-08-27T13:42:24+0300,https://hh.ru/vacancy/124546792,180000.0,220000.0,RUR
Москва,dba,124097699,DBA/Database administrator,ТРАНСКАПИТАЛБАНК,2025-08-15T10:34:38+0300,https://hh.ru/vacancy/124097699,,,
Москва,dba,123364062,Главный разработчик (DBA),Альфа-Банк,2025-08-27T09:52:08+0300,https://hh.ru/vacancy/123364062,,,
Москва,dba,118585701,DevOps infrastructure/DBA,Леста Игры,2025-08-26T17:23:33+0300,https://hh.ru/vacancy/118585701,,,
Москва,dba,123830545,Администратор баз данных (ClickHouse DBA),Медиа Бизнес Солюшенс,2025-08-08T13:26:16+0300,https://hh.ru/vacancy/123830545,,,
Москва,dba,123211982,Middle/Senior DBA в команду инфраструктуры (Kubernetes),2ГИС,2025-08-22T16:00:27+0300,https://hh.ru/vacancy/123211982,,,
Москва,dba,123959057,Ведущий Системный администратор баз данных (DBA),РЕАЛИСТ БАНК,2025-08-26T13:42:10+0300,https://hh.ru/vacancy/123959057,,,
Москва,dba,124283661,"Администратор СУБД GreenPlum, ClickHouse",Rubytech,2025-08-20T14:39:28+0300,https://hh.ru/vacancy/124283661,,,
Москва,dba,123094359,Cassandra DBA,Т-Банк,2025-08-18T10:06:12+0300,https://hh.ru/vacancy/123094359,,,
Москва,dba,122776011,Инженер баз данных (DBA),МФК ВЭББАНКИР,2025-08-25T10:43:15+0300,https://hh.ru/vacancy/122776011,,,
Москва,dba,123896723,Администратор баз данных ClickHouse (DBA),Национальная система платежных карт,2025-08-11T12:58:00+0300,https://hh.ru/vacancy/123896723,,,
Москва,dba,124006904,Database Administrator,MoneyCat,2025-08-25T11:53:21+0300,https://hh.ru/vacancy/124006904,,,
Москва,dba,123334226,Администратор баз данных PostgreSQL,WILDBERRIES,2025-08-27T17:17:11+0300,https://hh.ru/vacancy/123334226,,,
Москва,dba,123415081,Старший инженер Oracle (DBA),МТС Финтех,2025-08-25T10:47:49+0300,https://hh.ru/vacancy/123415081,,,
Москва,dba,124321188,Администратор баз данных / DBA,Ситидрайв,2025-08-21T12:16:09+0300,https://hh.ru/vacancy/124321188,,,
Москва,dba,124586845,Системный администратор IBM Maximo,Консист-ОС,2025-08-28T12:01:21+0300,https://hh.ru/vacancy/124586845,,,
Москва,dba,123149268,Инженер по эксплуатации баз данных (DBA),БЮРО 1440,2025-08-22T10:41:39+0300,https://hh.ru/vacancy/123149268,,,
Санкт-Петербург,dba,123337151,Database Administrator (DBA),Karuna,2025-08-27T18:30:05+0300,https://hh.ru/vacancy/123337151,,,
Санкт-Петербург,dba,123606486,Администратор баз данных (DBA),Решение,2025-08-28T15:27:09+0300,https://hh.ru/vacancy/123606486,203400.0,226000.0,RUR
Санкт-Петербург,dba,124341439,Разработчик/Администратор баз данных,Инситех,2025-08-27T16:38:26+0300,https://hh.ru/vacancy/124341439,,,
Санкт-Петербург,dba,97716493,Администратор баз данных (DBA),Консорциум Кодекс,2025-08-25T11:04:46+0300,https://hh.ru/vacancy/97716493,,,
Санкт-Петербург,dba,124585343,Администратор баз данных (DBA Junior),Газпром нефть,2025-08-28T11:36:55+0300,https://hh.ru/vacancy/124585343,,,
Санкт-Петербург,dba,119911877,Администратор баз данных/DBA,Контур,2025-08-22T14:19:06+0300,https://hh.ru/vacancy/119911877,,,
Санкт-Петербург,dba,121673050,Senior DBA (Старший администратор баз данных),Леон,2025-08-25T11:34:41+0300,https://hh.ru/vacancy/121673050,,,
Санкт-Петербург,dba,123152682,Администратор баз данных (DBA),Газпром Линде Инжиниринг,2025-08-28T17:59:21+0300,https://hh.ru/vacancy/123152682,,,
Санкт-Петербург,dba,123390559,Администратор баз данных PostgreSQL / DBA PostgreSQL,ICL Services,2025-08-26T14:33:51+0300,https://hh.ru/vacancy/123390559,,,
Санкт-Петербург,dba,118585705,DevOps infrastructure/DBA/Database Administrator,Леста Игры,2025-08-26T17:23:44+0300,https://hh.ru/vacancy/118585705,,,
Санкт-Петербург,dba,122748691,Clickhouse DBA,Employcity,2025-08-11T12:14:19+0300,https://hh.ru/vacancy/122748691,,,
Санкт-Петербург,dba,121390611,Senior DBA инженер (администрирование PostgreSQL),Okko,2025-08-25T01:02:01+0300,https://hh.ru/vacancy/121390611,,,
Санкт-Петербург,dba,124263656,Senior Database Administrator (PostgreSQL),iFuture,2025-08-26T10:19:34+0300,https://hh.ru/vacancy/124263656,,,
Санкт-Петербург,dba,124558139,Старший системный администратор Linux/Windows,Medlinx,2025-08-27T16:47:22+0300,https://hh.ru/vacancy/124558139,,,
Санкт-Петербург,dba,118655408,Системный администратор Linux/SRE (DevOps),ЕДИНЫЙ ЦУПИС,2025-08-27T16:49:13+0300,https://hh.ru/vacancy/118655408,,,
Санкт-Петербург,dba,124193117,Аналитик баз данных,Датаджайл,2025-08-28T18:29:17+0300,https://hh.ru/vacancy/124193117,,,
Санкт-Петербург,dba,121935009,Инженер (эксплуатация баз данных ClickHouse),Okko,2025-08-25T01:02:00+0300,https://hh.ru/vacancy/121935009,,,
Санкт-Петербург,dba,123691337,Администратор баз данных,ДелоТех,2025-08-06T11:19:42+0300,https://hh.ru/vacancy/123691337,,,
Санкт-Петербург,dba,124289963,Инженер баз данных,СБЕР,2025-08-20T16:18:00+0300,https://hh.ru/vacancy/124289963,,115000.0,RUR
Санкт-Петербург,dba,124097700,DBA/Database administrator,ТРАНСКАПИТАЛБАНК,2025-08-15T10:34:38+0300,https://hh.ru/vacancy/124097700,,,
Санкт-Петербург,dba,124031821,Администратор баз данных (DBA) middle,Восток.Софт,2025-08-14T06:49:59+0300,https://hh.ru/vacancy/124031821,,,
Санкт-Петербург,dba,123761577,Администратор баз данных,2ГИС,2025-08-19T12:34:55+0300,https://hh.ru/vacancy/123761577,,,
Санкт-Петербург,dba,124063700,Администратор баз данных/DBA,Selectel,2025-08-14T12:07:23+0300,https://hh.ru/vacancy/124063700,,,
Санкт-Петербург,dba,109139988,Инструктор по курсам PostgreSQL,"ЭВРИКА, Санкт-Петербург",2025-08-19T13:14:49+0300,https://hh.ru/vacancy/109139988,,,
Санкт-Петербург,dba,123810854,Database Administrator / DBA (Middle),Оператор Газпром ИД,2025-08-08T10:18:34+0300,https://hh.ru/vacancy/123810854,,,
Санкт-Петербург,dba,123843604,Senior Data Engineer,Altenar,2025-08-08T15:52:39+0300,https://hh.ru/vacancy/123843604,,,
Санкт-Петербург,dba,124028219,Старший системный аналитик,МойОфис,2025-08-13T19:24:52+0300,https://hh.ru/vacancy/124028219,,,
Санкт-Петербург,dba,123595783,Интернет-маркетолог,РСК ВЕРТИКАЛЬСТРОЙ,2025-08-28T13:17:36+0300,https://hh.ru/vacancy/123595783,40000.0,,RUR
Москва,администратор баз данных,123670565,Администратор баз данных (DBA),Безлимит,2025-08-26T18:17:53+0300,https://hh.ru/vacancy/123670565,250000.0,,RUR
Москва,администратор баз данных,124270869,Администратор баз данных (DBA),АСТ ГОЗ,2025-08-26T11:50:42+0300,https://hh.ru/vacancy/124270869,200000.0,,RUR
Москва,администратор баз данных,124589477,Администратор баз данных Oracle,"Борлас, Консалтинговая группа",2025-08-28T12:46:22+0300,https://hh.ru/vacancy/124589477,,,
Москва,администратор баз данных,124512685,Администратор баз данных (GreenPlum),Тера Интегро,2025-08-26T19:01:33+0300,https://hh.ru/vacancy/124512685,,,
Москва,администратор баз данных,123264898,Старший администратор баз данных,Выставка достижений народного хозяйства,2025-08-25T10:13:38+0300,https://hh.ru/vacancy/123264898,186000.0,186000.0,RUR
Москва,администратор баз данных,124439666,Администратор баз данных (г. Москва),ГЭС,2025-08-25T13:43:37+0300,https://hh.ru/vacancy/124439666,,,
Москва,администратор баз данных,124512722,Администратор баз данных (Clickhouse),Тера Интегро,2025-08-26T19:04:30+0300,https://hh.ru/vacancy/124512722,,,
Москва,администратор баз данных,124521423,Администратор БД PostrgeSQL/ Junior PostrgeSQL DBA,АО «ОТП Банк» (JSC «OTP Bank»),2025-08-27T07:41:28+0300,https://hh.ru/vacancy/124521423,,,
Москва,администратор баз данных,124484610,Администратор баз данных,Finbridge,2025-08-26T11:15:15+0300,https://hh.ru/vacancy/124484610,,,
Москва,администратор баз данных,123474920,Администратор баз данных,Сентинел Кредит Менеджмент,2025-08-27T15:35:30+0300,https://hh.ru/vacancy/123474920,,,
Москва,администратор баз данных,124526225,Администратор баз данных PostgreSQL (DBA),ГАУ ИТЦ СОЦЗАЩИТА МОСКВЫ,2025-08-27T09:08:04+0300,https://hh.ru/vacancy/124526225,,,
Москва,администратор баз данных,124552558,Администратор баз данных Oracle,Ренессанс Банк,2025-08-27T15:09:22+0300,https://hh.ru/vacancy/124552558,,,
Москва,администратор баз данных,123684624,Администратор баз данных (Postgresql),билайн,2025-08-27T09:58:12+0300,https://hh.ru/vacancy/123684624,,,
Москва,администратор баз данных,124229075,Администратор баз данных,Сбербанк АСТ,2025-08-19T13:42:46+0300,https://hh.ru/vacancy/124229075,,370000.0,RUR
Москва,администратор баз данных,114555282,Администратор баз данных,"Красное & Белое, розничная сеть",2025-08-26T08:10:01+0300,https://hh.ru/vacancy/114555282,,,
Москва,администратор баз данных,124124874,Администратор баз данных PostgreSQL (DBA),Альфа-Банк,2025-08-25T15:05:56+0300,https://hh.ru/vacancy/124124874,,,
Москва,администратор баз данных,123465977,Администратор баз данных,Смарт Горизонт,2025-08-27T13:52:53+0300,https://hh.ru/vacancy/123465977,,,
Москва,администратор баз данных,123358305,Администратор баз данных (MSSQL),Lamoda Tech,2025-08-28T11:29:06+0300,https://hh.ru/vacancy/123358305,,,
Москва,администратор баз данных,114555254,Администратор БД Oracle,"Красное & Белое, розничная сеть",2025-08-26T08:09:16+0300,https://hh.ru/vacancy/114555254,250000.0,250000.0,RUR
Москва,администратор баз данных,120296875,Администратор баз данных,YADRO,2025-08-26T10:32:20+0300,https://hh.ru/vacancy/120296875,,,
Москва,администратор баз данных,124439665,Администратор баз данных (г. Москва),ГЭС,2025-08-25T13:43:37+0300,https://hh.ru/vacancy/124439665,,,
Москва,администратор баз данных,124386359,Администратор систем хранения и обработки данных,Банк ВТБ (ПАО),2025-08-22T21:30:54+0300,https://hh.ru/vacancy/124386359,,75000.0,RUR
Москва,администратор баз данных,124433746,Администратор баз данных (MySQL) / Senior DBA,Топассистент,2025-08-25T12:33:36+0300,https://hh.ru/vacancy/124433746,5000.0,,EUR
Москва,администратор баз данных,124269077,Администратор БД PostgreSQL (гибридный формат),Маквес Групп,2025-08-26T11:25:35+0300,https://hh.ru/vacancy/124269077,,,
Москва,администратор баз данных,121355718,Администратор баз данных,Capital Group,2025-08-26T11:42:05+0300,https://hh.ru/vacancy/121355718,,,
Москва,администратор баз данных,123573814,Администратор баз данных / DBA (PostgreSQL),CoMagic.dev,2025-08-28T10:43:47+0300,https://hh.ru/vacancy/123573814,,,
Москва,администратор баз данных,124564584,"Администратор баз данных, Kafka/Clickhouse, Ozon Банк",Ozon,2025-08-27T22:30:18+0300,https://hh.ru/vacancy/124564584,,,
Москва,администратор баз данных,123705821,Администратор баз данных (PostgreSQL),Цифровые технологии и платформы,2025-08-27T11:08:34+0300,https://hh.ru/vacancy/123705821,,,
Москва,администратор баз данных,124460019,Администратор баз данных (ClickHouse),WILDBERRIES,2025-08-25T18:02:18+0300,https://hh.ru/vacancy/124460019,,,
Москва,администратор баз данных,124444160,Администратор базы данных/DBA PostgreSQL,Группа компаний РБЕ (RBE Group),2025-08-25T14:40:59+0300,https://hh.ru/vacancy/124444160,,,
Москва,администратор баз данных,124106614,Администратор баз данных (Postgresql) / DBA,билайн,2025-08-27T12:41:07+0300,https://hh.ru/vacancy/124106614,,,
Москва,администратор баз данных,123357225,Администратор баз данных (PostgreSQL),Lamoda Tech,2025-08-28T11:14:42+0300,https://hh.ru/vacancy/123357225,,,
Москва,администратор баз данных,122056652,Администратор баз данных (DBA),Bayer,2025-08-25T14:16:54+0300,https://hh.ru/vacancy/122056652,,,
Москва,администратор баз данных,123334226,Администратор баз данных PostgreSQL,WILDBERRIES,2025-08-27T17:17:11+0300,https://hh.ru/vacancy/123334226,,,
Москва,администратор баз данных,124169097,Администратор баз данных PostgreSQL (DBA),БФТ-Холдинг,2025-08-26T18:14:03+0300,https://hh.ru/vacancy/124169097,,,
Москва,администратор баз данных,122716740,Администратор баз данных (Postgresql) / DBA,билайн,2025-08-28T15:37:34+0300,https://hh.ru/vacancy/122716740,,,
Москва,администратор баз данных,123386369,Администратор баз данных,МОСГАЗ,2025-08-27T09:03:09+0300,https://hh.ru/vacancy/123386369,,,
Москва,администратор баз данных,124358183,Администратор баз данных (г. Москва),ГЭС,2025-08-22T10:54:22+0300,https://hh.ru/vacancy/124358183,,,
Москва,администратор баз данных,123558757,Администратор баз данных (DBA),Петербургская Биржа,2025-08-28T09:14:57+0300,https://hh.ru/vacancy/123558757,,,
Москва,администратор баз данных,124482299,Руководитель группы баз данных,Finbridge,2025-08-26T10:52:17+0300,https://hh.ru/vacancy/124482299,,,
Санкт-Петербург,администратор баз данных,123505340,Администратор баз данных,Интерлизинг,2025-08-27T12:34:08+0300,https://hh.ru/vacancy/123505340,,,
Санкт-Петербург,администратор баз данных,119912252,Администратор баз данных,СПБ ГБУ ИМЦ,2025-08-25T11:10:56+0300,https://hh.ru/vacancy/119912252,150000.0,,RUR
Санкт-Петербург,администратор баз данных,123606486,Администратор баз данных (DBA),Решение,2025-08-28T15:27:09+0300,https://hh.ru/vacancy/123606486,203400.0,226000.0,RUR
Санкт-Петербург,администратор баз данных,124341439,Разработчик/Администратор баз данных,Инситех,2025-08-27T16:38:26+0300,https://hh.ru/vacancy/124341439,,,
Санкт-Петербург,администратор баз данных,123152682,Администратор баз данных (DBA),Газпром Линде Инжиниринг,2025-08-28T17:59:21+0300,https://hh.ru/vacancy/123152682,,,
Санкт-Петербург,администратор баз данных,97716493,Администратор баз данных (DBA),Консорциум Кодекс,2025-08-25T11:04:46+0300,https://hh.ru/vacancy/97716493,,,
Санкт-Петербург,администратор баз данных,124585343,Администратор баз данных (DBA Junior),Газпром нефть,2025-08-28T11:36:55+0300,https://hh.ru/vacancy/124585343,,,
Санкт-Петербург,администратор баз данных,123390559,Администратор баз данных PostgreSQL / DBA PostgreSQL,ICL Services,2025-08-26T14:33:51+0300,https://hh.ru/vacancy/123390559,,,
Санкт-Петербург,администратор баз данных,121673050,Senior DBA (Старший администратор баз данных),Леон,2025-08-25T11:34:41+0300,https://hh.ru/vacancy/121673050,,,
Санкт-Петербург,администратор баз данных,119911877,Администратор баз данных/DBA,Контур,2025-08-22T14:19:06+0300,https://hh.ru/vacancy/119911877,,,
Санкт-Петербург,администратор баз данных,123337151,Database Administrator (DBA),Karuna,2025-08-27T18:30:05+0300,https://hh.ru/vacancy/123337151,,,
Санкт-Петербург,администратор баз данных,123691337,Администратор баз данных,ДелоТех,2025-08-06T11:19:42+0300,https://hh.ru/vacancy/123691337,,,
Санкт-Петербург,администратор баз данных,124263780,Database Administrator (Clickhouse),iFuture,2025-08-26T10:20:48+0300,https://hh.ru/vacancy/124263780,,,
Санкт-Петербург,администратор баз данных,123904300,Главный администратор баз данных (PostgreSQL),Газпром нефть,2025-08-11T14:34:32+0300,https://hh.ru/vacancy/123904300,,,
Санкт-Петербург,администратор баз данных,123761577,Администратор баз данных,2ГИС,2025-08-19T12:34:55+0300,https://hh.ru/vacancy/123761577,,,
Санкт-Петербург,администратор баз данных,121267074,Администратор баз данных (1С),НПО Поиск,2025-08-19T09:42:09+0300,https://hh.ru/vacancy/121267074,152400.0,152400.0,RUR
Санкт-Петербург,администратор баз данных,124263656,Senior Database Administrator (PostgreSQL),iFuture,2025-08-26T10:19:34+0300,https://hh.ru/vacancy/124263656,,,
Санкт-Петербург,администратор баз данных,118585705,DevOps infrastructure/DBA/Database Administrator,Леста Игры,2025-08-26T17:23:44+0300,https://hh.ru/vacancy/118585705,,,
Санкт-Петербург,администратор баз данных,122426704,Администратор баз данных,СПб ГКУ ССПК,2025-08-01T13:56:29+0300,https://hh.ru/vacancy/122426704,,,
Санкт-Петербург,администратор баз данных,124031821,Администратор баз данных (DBA) middle,Восток.Софт,2025-08-14T06:49:59+0300,https://hh.ru/vacancy/124031821,,,
Санкт-Петербург,администратор баз данных,123739281,Администратор баз данных,Банк Санкт-Петербург,2025-08-07T11:33:32+0300,https://hh.ru/vacancy/123739281,,,
Санкт-Петербург,администратор баз данных,124063700,Администратор баз данных/DBA,Selectel,2025-08-14T12:07:23+0300,https://hh.ru/vacancy/124063700,,,
Санкт-Петербург,администратор баз данных,119764447,Ведущий системный администратор баз данных (PostgreSQL),Газпром нефть,2025-08-12T13:17:16+0300,https://hh.ru/vacancy/119764447,,,
Санкт-Петербург,администратор баз данных,123981728,Инженер баз данных SQL / SQL Data engineer,Perfetti Van Melle,2025-08-12T18:39:48+0300,https://hh.ru/vacancy/123981728,,,
Санкт-Петербург,администратор баз данных,123706200,Администратор баз данных PostgreSQL Senior,Maxim technology,2025-08-06T15:04:06+0300,https://hh.ru/vacancy/123706200,,,
Санкт-Петербург,администратор баз данных,124097700,DBA/Database administrator,ТРАНСКАПИТАЛБАНК,2025-08-15T10:34:38+0300,https://hh.ru/vacancy/124097700,,,
Санкт-Петербург,администратор баз данных,109139988,Инструктор по курсам PostgreSQL,"ЭВРИКА, Санкт-Петербург",2025-08-19T13:14:49+0300,https://hh.ru/vacancy/109139988,,,
Санкт-Петербург,администратор баз данных,123810854,Database Administrator / DBA (Middle),Оператор Газпром ИД,2025-08-08T10:18:34+0300,https://hh.ru/vacancy/123810854,,,
Санкт-Петербург,администратор баз данных,123543258,Менеджер Call-центра в вейк-парке,Вейк Парк Круги На Воде,2025-08-02T13:35:06+0300,https://hh.ru/vacancy/123543258,45000.0,,RUR
Санкт-Петербург,администратор баз данных,121373348,Главный специалист отдела тематического планирования (бизнес-аналитик),"ТИТАН-2, холдинг",2025-08-04T11:06:50+0300,https://hh.ru/vacancy/121373348,,,
Санкт-Петербург,администратор баз данных,123440097,Recruitment Specialist / Специалист по подбору персонала,Corinthia Hotel St.Petersburg (Отель «Коринтия Санкт-Петербург»),2025-07-30T17:31:03+0300,https://hh.ru/vacancy/123440097,,,
Москва,etl,124411400,Разработчик хранилища данных (ETL),Современные Бизнес-Аналитические Решения,2025-08-28T07:48:28+0300,https://hh.ru/vacancy/124411400,,200000.0,RUR
Москва,etl,124434995,Разработчик систем аналитики (ETL + Docker),Ромадина Юлия Сергеевна,2025-08-28T12:48:01+0300,https://hh.ru/vacancy/124434995,200000.0,200000.0,RUR
Москва,etl,124558327,Power BI разработчик,Data-Power,2025-08-27T16:51:48+0300,https://hh.ru/vacancy/124558327,100000.0,,RUR
Москва,etl,124446062,Разработчик ETL,Национальный расчетный депозитарий,2025-08-25T15:05:37+0300,https://hh.ru/vacancy/124446062,,,
Москва,etl,124591645,Аналитик данных,UBIC,2025-08-28T13:23:26+0300,https://hh.ru/vacancy/124591645,,,
Москва,etl,124166321,Системный аналитик DWH,BrainHub,2025-08-27T12:15:42+0300,https://hh.ru/vacancy/124166321,350000.0,400000.0,RUR
Москва,etl,124453974,Data инженер DWH/ETL разработчик (Hadoop),Neoflex,2025-08-25T17:08:41+0300,https://hh.ru/vacancy/124453974,,,
Москва,etl,124510967,SQL-разработчик,Copperside,2025-08-26T17:56:30+0300,https://hh.ru/vacancy/124510967,,,
Москва,etl,123474434,Младший дата-инженер / BI-аналитик,Data-Power,2025-08-27T15:25:54+0300,https://hh.ru/vacancy/123474434,,120000.0,RUR
Москва,etl,124536644,Младший разработчик,GlowByte,2025-08-27T11:18:42+0300,https://hh.ru/vacancy/124536644,,,
Москва,etl,124585929,Data Analyst,LIAN,2025-08-28T11:46:20+0300,https://hh.ru/vacancy/124585929,280000.0,320000.0,RUR
Москва,etl,124494435,Data Engineer,МТС Финтех,2025-08-28T11:06:24+0300,https://hh.ru/vacancy/124494435,,,
Москва,etl,123912034,"Аналитик (ETL, DWH)",Финансовые Платформы,2025-08-26T16:25:25+0300,https://hh.ru/vacancy/123912034,,,
Москва,etl,124461212,"Аналитик данных, Ozon Fresh",Ozon,2025-08-25T18:47:30+0300,https://hh.ru/vacancy/124461212,,,
Москва,etl,123338944,"Инженер данных (SQL,Python)",Центральный банк Российской Федерации (Банк России),2025-08-27T16:33:13+0300,https://hh.ru/vacancy/123338944,,,
Москва,etl,124116380,Data Engineer,Онлайн-школа Тетрика,2025-08-27T15:13:31+0300,https://hh.ru/vacancy/124116380,,,
Москва,etl,124605987,Аналитик данных,EcoFinance,2025-08-28T17:58:08+0300,https://hh.ru/vacancy/124605987,,,
Москва,etl,124501841,Data Engineer,Ozon,2025-08-26T15:05:03+0300,https://hh.ru/vacancy/124501841,,,
Москва,etl,124581561,Data Engineer,Tripster,2025-08-28T10:39:36+0300,https://hh.ru/vacancy/124581561,,,
Москва,etl,124458803,Разработчик КХД/DWH,ПМХ-Инфотех,2025-08-25T17:42:50+0300,https://hh.ru/vacancy/124458803,,,
Москва,etl,123763922,Разработчик баз данных / Data Engineer (финансовые системы),Wagner and Experts,2025-08-28T18:56:41+0300,https://hh.ru/vacancy/123763922,,,
Москва,etl,123895721,ETL/BI разработчик,АНО Агентство по технологическому развитию,2025-08-26T12:45:11+0300,https://hh.ru/vacancy/123895721,,,
Москва,etl,124461206,Стажер Data Engineer,СБЕР,2025-08-25T18:47:11+0300,https://hh.ru/vacancy/124461206,,,
Москва,etl,124470973,"Senior Backend developer (Python, ETL, DWH)",Absolut POS,2025-08-26T08:00:59+0300,https://hh.ru/vacancy/124470973,,,
Москва,etl,124378795,Разработчик python,билайн,2025-08-28T15:49:18+0300,https://hh.ru/vacancy/124378795,,,
Москва,etl,123578946,Аналитик DWH,Дата Дженерейшн,2025-08-28T11:10:20+0300,https://hh.ru/vacancy/123578946,,240000.0,RUR
Москва,etl,124492950,Data Engineer,Деко Системс,2025-08-26T12:53:20+0300,https://hh.ru/vacancy/124492950,,,
Москва,etl,124493903,"Разработчик системы аналитики (Content Factory Analytics, PRO)",Ромадина Юлия Сергеевна,2025-08-26T13:05:39+0300,https://hh.ru/vacancy/124493903,200000.0,,RUR
Москва,etl,124551823,Дата инженер / Инженер по обработке данных,ФГУП ГлавНИВЦ Управления делами Президента Российской Федерации,2025-08-27T14:57:31+0300,https://hh.ru/vacancy/124551823,,,
Москва,etl,123746950,Data Engineer/ инженер данных,Мокка,2025-08-25T11:43:17+0300,https://hh.ru/vacancy/123746950,,,
Москва,etl,124536619,Младший аналитик,GlowByte,2025-08-27T11:18:20+0300,https://hh.ru/vacancy/124536619,,,
Москва,etl,124481285,Разработчик BI,Ланцет,2025-08-26T10:40:15+0300,https://hh.ru/vacancy/124481285,,,
Москва,etl,124561125,Аналитик данных / Инженер данных/ Data Scientist / Data Analyst / Data engineer,СтандартПроект,2025-08-27T17:41:59+0300,https://hh.ru/vacancy/124561125,,,
Москва,etl,124488239,Аналитик DWH,IT-Implant,2025-08-26T11:54:00+0300,https://hh.ru/vacancy/124488239,220000.0,250000.0,RUR
Москва,etl,124510727,Аналитик BI отчетности и баз данных,JTI,2025-08-26T17:49:22+0300,https://hh.ru/vacancy/124510727,,,
Москва,etl,124555279,Старший Data Engineer,Cloud.ru,2025-08-27T15:56:32+0300,https://hh.ru/vacancy/124555279,,,
Москва,etl,124270986,Аналитик данных,ФК Спартак-Москва,2025-08-26T11:51:34+0300,https://hh.ru/vacancy/124270986,,,
Москва,etl,124552811,Аналитик данных,Бюро кредитных историй Скоринг Бюро,2025-08-27T15:12:05+0300,https://hh.ru/vacancy/124552811,,,
Москва,etl,124340536,Data Engineer (Big Data),Платформа ОФД,2025-08-27T17:26:27+0300,https://hh.ru/vacancy/124340536,,,
Москва,etl,123966577,Программист-разработчик Python (работа с чужим кодом),FINAMP,2025-08-27T15:04:45+0300,https://hh.ru/vacancy/123966577,150000.0,150000.0,RUR
Санкт-Петербург,etl,124546822,Data Engineer [Middle],Диплей,2025-08-27T13:42:51+0300,https://hh.ru/vacancy/124546822,,,
Санкт-Петербург,etl,124339114,Python-разработчик в отдел аналитики данных,MIE&MIESTILO,2025-08-27T14:48:23+0300,https://hh.ru/vacancy/124339114,,,
Санкт-Петербург,etl,124350305,Аналитик данных,Smartup,2025-08-28T09:03:25+0300,https://hh.ru/vacancy/124350305,,,
Санкт-Петербург,etl,124584143,Инженер данных,"Лента, федеральная розничная сеть",2025-08-28T11:17:10+0300,https://hh.ru/vacancy/124584143,,,
Санкт-Петербург,etl,124485914,Старший BI Разработчик,SKL Group,2025-08-26T11:28:51+0300,https://hh.ru/vacancy/124485914,,,
Санкт-Петербург,etl,124276508,BI разработчик,Группа BLcons,2025-08-26T12:58:48+0300,https://hh.ru/vacancy/124276508,,,
Санкт-Петербург,etl,124363577,Data-инженер/Python-разработчик,MIE&MIESTILO,2025-08-28T12:20:42+0300,https://hh.ru/vacancy/124363577,,,
Санкт-Петербург,etl,119445127,Data Engineer,Леста Игры,2025-08-27T17:51:32+0300,https://hh.ru/vacancy/119445127,,,
Санкт-Петербург,etl,124580138,Инженер данных / Data Engineer (Middle),Челеби-Текстиль,2025-08-28T10:18:04+0300,https://hh.ru/vacancy/124580138,150000.0,,RUR
Санкт-Петербург,etl,124577521,Разработчик BI,SKL Group,2025-08-28T09:38:13+0300,https://hh.ru/vacancy/124577521,,,
Санкт-Петербург,etl,123913542,Разработчик хранилища данных и отчетности (DWH/ BI),"585, Холдинг",2025-08-26T16:53:51+0300,https://hh.ru/vacancy/123913542,,,
Санкт-Петербург,etl,124506134,"Data Scientist, NLP",БиАйЭй-Технолоджиз,2025-08-26T16:12:11+0300,https://hh.ru/vacancy/124506134,,,
Санкт-Петербург,etl,124607211,Разработчик баз данных / разработчик SQL / PostgreSQL,Evercode Lab,2025-08-28T19:01:51+0300,https://hh.ru/vacancy/124607211,,,
Санкт-Петербург,etl,122515570,Team Lead BI/SQL (небольшой команды разработчиков баз данных MS SQL),Lasmart,2025-08-28T10:42:25+0300,https://hh.ru/vacancy/122515570,,,
Санкт-Петербург,etl,117721955,Middle+ / Senior Data-инженер,Линсофтверпродакшн,2025-08-25T10:08:19+0300,https://hh.ru/vacancy/117721955,250000.0,370000.0,RUR
Санкт-Петербург,etl,124578590,Руководитель группы BI,SKL Group,2025-08-28T09:55:51+0300,https://hh.ru/vacancy/124578590,,,
Санкт-Петербург,etl,124589954,Системный аналитик DWH,BI Consult,2025-08-28T12:52:50+0300,https://hh.ru/vacancy/124589954,,,
Санкт-Петербург,etl,119842731,Data Engineer,Koronatech,2025-08-27T07:34:05+0300,https://hh.ru/vacancy/119842731,,,
Санкт-Петербург,etl,123716496,Менеджер-практик в отдел BI,Qnits,2025-08-27T18:10:23+0300,https://hh.ru/vacancy/123716496,,200000.0,RUR
Санкт-Петербург,etl,124541672,BI Developer,Aston,2025-08-27T12:24:22+0300,https://hh.ru/vacancy/124541672,,,
Санкт-Петербург,etl,124553188,Бизнес-аналитик BI/RPA,Первый Бит,2025-08-27T15:16:56+0300,https://hh.ru/vacancy/124553188,,,
Санкт-Петербург,etl,119117069,Data Engineer,BI Consult,2025-08-27T15:11:21+0300,https://hh.ru/vacancy/119117069,,,
Санкт-Петербург,etl,119070163,Data Engineer,ГЕРОФАРМ,2025-08-25T17:18:11+0300,https://hh.ru/vacancy/119070163,,,
Санкт-Петербург,etl,124334621,"Data Analyst (SQL, Python, OLAP, Airflow)",Цивин Борис Львович,2025-08-21T15:51:43+0300,https://hh.ru/vacancy/124334621,,,
Санкт-Петербург,etl,120222383,Архитектор DWH,BI Consult,2025-08-27T15:11:32+0300,https://hh.ru/vacancy/120222383,,,
Санкт-Петербург,etl,124589519,Spark Developer,Neoflex,2025-08-28T12:47:19+0300,https://hh.ru/vacancy/124589519,,,
Санкт-Петербург,etl,124162838,Go developer/engineer (High Load Platform),Софтвайс,2025-08-27T11:39:31+0300,https://hh.ru/vacancy/124162838,230000.0,366000.0,RUR
Санкт-Петербург,etl,122480262,Системный аналитик,Napoleon IT,2025-08-28T13:50:19+0300,https://hh.ru/vacancy/122480262,,,
Санкт-Петербург,etl,124309962,"Аналитик данных (релокация в Индию, г. Гургаон)",WIT recruitment,2025-08-21T09:50:42+0300,https://hh.ru/vacancy/124309962,3000.0,,USD
Санкт-Петербург,etl,124362248,Аналитик DWH,IBS,2025-08-22T11:21:27+0300,https://hh.ru/vacancy/124362248,,,
Санкт-Петербург,etl,124322379,BI разработчик / BI аналитик,Selectel,2025-08-21T12:36:17+0300,https://hh.ru/vacancy/124322379,,,
Санкт-Петербург,etl,124293910,Data Engineer,Oil and Gas Production Tools,2025-08-20T17:26:20+0300,https://hh.ru/vacancy/124293910,,,
Санкт-Петербург,etl,111207004,Аналитик отчетных систем DWH,Совкомбанк Технологии,2025-08-22T12:34:03+0300,https://hh.ru/vacancy/111207004,,,
Санкт-Петербург,etl,124381093,Senior Product Analyst / Продуктовый аналитик,Таймвэб.Клауд,2025-08-22T16:33:18+0300,https://hh.ru/vacancy/124381093,180000.0,250000.0,RUR
Санкт-Петербург,etl,124375850,Ведущий Data Engineer,VK,2025-08-22T15:32:02+0300,https://hh.ru/vacancy/124375850,,,
Санкт-Петербург,etl,118471564,Архитектор AI / ML,Первый Бит,2025-08-25T17:46:25+0300,https://hh.ru/vacancy/118471564,,,
Санкт-Петербург,etl,124248973,Аналитик данных,Доксинбокс,2025-08-20T00:56:06+0300,https://hh.ru/vacancy/124248973,180000.0,230000.0,RUR
Санкт-Петербург,etl,124361571,Ведущий Spark разработчик (офис),Neoflex,2025-08-22T11:17:11+0300,https://hh.ru/vacancy/124361571,,,
Санкт-Петербург,etl,124275156,Разработчик BI,NOVARDIS,2025-08-20T12:41:26+0300,https://hh.ru/vacancy/124275156,,,
Санкт-Петербург,etl,120991947,Junior Дата-аналитик,СПб ГКУ Центр Архивных Документов,2025-08-13T17:18:19+0300,https://hh.ru/vacancy/120991947,,75000.0,RUR
Москва,bi analyst,124067289,Analyst,Ок Софт,2025-08-26T13:04:00+0300,https://hh.ru/vacancy/124067289,,,
Москва,bi analyst,124355797,Data Analyst,PashaPay,2025-08-28T10:26:45+0300,https://hh.ru/vacancy/124355797,,,
Москва,bi analyst,124591924,Data Analyst,Algonova,2025-08-28T13:28:30+0300,https://hh.ru/vacancy/124591924,,,
Москва,bi analyst,121091720,Intern Data Analyst / Стажер - аналитик данных,Procter & Gamble,2025-08-28T10:24:58+0300,https://hh.ru/vacancy/121091720,100000.0,,RUR
Москва,bi analyst,124496263,Аналитик данных/Data Analyst/BI-аналитик,ЭстэйтЛига,2025-08-26T13:41:43+0300,https://hh.ru/vacancy/124496263,120000.0,150000.0,RUR
Москва,bi analyst,124585929,Data Analyst,LIAN,2025-08-28T11:46:20+0300,https://hh.ru/vacancy/124585929,280000.0,320000.0,RUR
Москва,bi analyst,124162944,Product analyst/Аналитик данных,Bip.ru,2025-08-27T11:40:39+0300,https://hh.ru/vacancy/124162944,,,
Москва,bi analyst,124507694,BI-аналитик,ОГО! онлайн-гипермаркет,2025-08-26T16:42:28+0300,https://hh.ru/vacancy/124507694,200000.0,,RUR
Москва,bi analyst,124294415,Аналитик по управлению запасами и закупками (BI / Data Analyst),Кема Клаб,2025-08-26T17:40:36+0300,https://hh.ru/vacancy/124294415,150000.0,180000.0,RUR
Москва,bi analyst,124513034,Аналитик данных,Модами,2025-08-26T19:36:07+0300,https://hh.ru/vacancy/124513034,50000.0,100000.0,RUR
Москва,bi analyst,124558327,Power BI разработчик,Data-Power,2025-08-27T16:51:48+0300,https://hh.ru/vacancy/124558327,100000.0,,RUR
Москва,bi analyst,124605770,BI Lead,Островок,2025-08-28T17:49:34+0300,https://hh.ru/vacancy/124605770,,,
Москва,bi analyst,124510727,Аналитик BI отчетности и баз данных,JTI,2025-08-26T17:49:22+0300,https://hh.ru/vacancy/124510727,,,
Москва,bi analyst,124592934,BI-аналитик,ПИК-специализированный застройщик,2025-08-28T13:48:22+0300,https://hh.ru/vacancy/124592934,,,
Москва,bi analyst,123813029,Аналитик данных PowerBI,Академ Интеллект,2025-08-26T10:54:02+0300,https://hh.ru/vacancy/123813029,60000.0,70000.0,RUR
Москва,bi analyst,124025772,Аналитик BI,АЛМАЗ,2025-08-28T17:29:50+0300,https://hh.ru/vacancy/124025772,200000.0,,RUR
Москва,bi analyst,124549952,Middle data analyst,Диджитал Форс,2025-08-27T14:33:34+0300,https://hh.ru/vacancy/124549952,,120000.0,RUR
Москва,bi analyst,124605246,BI аналитик,Ингосстрах,2025-08-28T17:32:44+0300,https://hh.ru/vacancy/124605246,,,
Москва,bi analyst,124607154,Аналитик данных (NA analyst),Coleman Group,2025-08-28T18:59:04+0300,https://hh.ru/vacancy/124607154,,,
Москва,bi analyst,124247414,Аналитик данных,Paper Planes,2025-08-28T20:52:23+0300,https://hh.ru/vacancy/124247414,50000.0,,RUR
Москва,bi analyst,124540952,BI-аналитик,NOVARDIS,2025-08-27T12:13:45+0300,https://hh.ru/vacancy/124540952,,,
Москва,bi analyst,124560950,Product Analyst/Продуктовый аналитик,Домклик,2025-08-27T17:37:37+0300,https://hh.ru/vacancy/124560950,,,
Москва,bi analyst,124027634,Data analyst,Ок Софт,2025-08-28T18:41:13+0300,https://hh.ru/vacancy/124027634,,,
Москва,bi analyst,124564052,Аналитик фулстек на проекты внедрение BI системы,WIT recruitment,2025-08-27T20:57:57+0300,https://hh.ru/vacancy/124564052,200000.0,300000.0,RUR
Москва,bi analyst,124444563,Data Analyst (AI & Football Analytics),СБЕР,2025-08-25T14:47:00+0300,https://hh.ru/vacancy/124444563,180000.0,180000.0,RUR
Москва,bi analyst,123474434,Младший дата-инженер / BI-аналитик,Data-Power,2025-08-27T15:25:54+0300,https://hh.ru/vacancy/123474434,,120000.0,RUR
Москва,bi analyst,124600343,Старший BI-аналитик,FUN&SUN,2025-08-28T15:59:27+0300,https://hh.ru/vacancy/124600343,,,
Москва,bi analyst,123938737,BI – Аналитик/BI – разработчик,Программный Инжиниринг и Технологии,2025-08-27T11:00:03+0300,https://hh.ru/vacancy/123938737,200000.0,,RUR
Москва,bi analyst,124284068,Business Analyst (CFO-1),Genesis Group AG,2025-08-26T14:46:09+0300,https://hh.ru/vacancy/124284068,,,
Москва,bi analyst,123185268,BI-аналитик,Группа Компаний Традиция,2025-08-27T14:21:36+0300,https://hh.ru/vacancy/123185268,250000.0,,RUR
Москва,bi analyst,124600120,Аналитик (группа анализа данных),Медиа Ком,2025-08-28T15:54:12+0300,https://hh.ru/vacancy/124600120,,,
Москва,bi analyst,124551948,Аналитик данных в Qlik / Analyst Qlik Sense,Salesmatch,2025-08-27T14:59:20+0300,https://hh.ru/vacancy/124551948,,,
Москва,bi analyst,121550040,BI-аналитик (внедрение и поддержка BI-систем) | BI Analyst,JACOBS DOUWE EGBERTS (JDE),2025-08-26T14:43:11+0300,https://hh.ru/vacancy/121550040,,,
Москва,bi analyst,124605987,Аналитик данных,EcoFinance,2025-08-28T17:58:08+0300,https://hh.ru/vacancy/124605987,,,
Москва,bi analyst,123302916,Product Analyst,Aviasales.ru,2025-08-27T10:54:24+0300,https://hh.ru/vacancy/123302916,,,
Москва,bi analyst,124292537,Game analyst,tltGames,2025-08-26T17:05:12+0300,https://hh.ru/vacancy/124292537,,,
Москва,bi analyst,124607067,Разработчик BI,«ОТИСИФАРМ»,2025-08-28T18:49:02+0300,https://hh.ru/vacancy/124607067,,,
Москва,bi analyst,124540800,Финансовый аналитик / BI аналитик,Смартхим,2025-08-27T12:12:00+0300,https://hh.ru/vacancy/124540800,100000.0,140000.0,RUR
Москва,bi analyst,124526976,Аналитик (прогнозирование),Ozon,2025-08-27T09:18:58+0300,https://hh.ru/vacancy/124526976,,,
Москва,bi analyst,123814531,BI аналитик | Middle - Senior,Effective,2025-08-26T11:21:16+0300,https://hh.ru/vacancy/123814531,,170000.0,RUR
Санкт-Петербург,bi analyst,124482171,BI разработчик / BI аналитик,Неватех,2025-08-26T10:50:47+0300,https://hh.ru/vacancy/124482171,,250000.0,RUR
Санкт-Петербург,bi analyst,123753962,BI-аналитик,Тазмар,2025-08-28T15:09:45+0300,https://hh.ru/vacancy/123753962,180000.0,,RUR
Санкт-Петербург,bi analyst,124450703,BI-аналитик,ГК АБЗ-1,2025-08-25T16:14:14+0300,https://hh.ru/vacancy/124450703,,,
Санкт-Петербург,bi analyst,124580811,Game Analyst,Gear Games,2025-08-28T10:27:02+0300,https://hh.ru/vacancy/124580811,,,
Санкт-Петербург,bi analyst,122333589,"Product Analyst (SQL, Python)",НаПоправку,2025-08-25T14:26:12+0300,https://hh.ru/vacancy/122333589,,,
Санкт-Петербург,bi analyst,123716496,Менеджер-практик в отдел BI,Qnits,2025-08-27T18:10:23+0300,https://hh.ru/vacancy/123716496,,200000.0,RUR
Санкт-Петербург,bi analyst,124600601,Продуктовый аналитик данных,VK,2025-08-28T16:44:05+0300,https://hh.ru/vacancy/124600601,,,
Санкт-Петербург,bi analyst,124584713,Project manager (отдел BI),LuckyGroup,2025-08-28T11:26:55+0300,https://hh.ru/vacancy/124584713,,,
Санкт-Петербург,bi analyst,124284067,Business Analyst (CFO-1),Genesis Group AG,2025-08-26T14:46:09+0300,https://hh.ru/vacancy/124284067,,,
Санкт-Петербург,bi analyst,124424770,Аналитик данных,T.Team,2025-08-25T10:52:30+0300,https://hh.ru/vacancy/124424770,92000.0,105000.0,RUR
Санкт-Петербург,bi analyst,124602620,Аналитик больших данных,"Лента, федеральная розничная сеть",2025-08-28T16:41:22+0300,https://hh.ru/vacancy/124602620,,,
Санкт-Петербург,bi analyst,124553188,Бизнес-аналитик BI/RPA,Первый Бит,2025-08-27T15:16:56+0300,https://hh.ru/vacancy/124553188,,,
Санкт-Петербург,bi analyst,123975245,BI-аналитик,Софтвайс,2025-08-27T16:07:55+0300,https://hh.ru/vacancy/123975245,,,
Санкт-Петербург,bi analyst,124588027,Бизнес-аналитик,Сеть логопедических центров Разноцветные цыплята,2025-08-28T12:18:30+0300,https://hh.ru/vacancy/124588027,,150000.0,RUR
Санкт-Петербург,bi analyst,122191171,Business Analyst,BI Consult,2025-08-27T15:11:04+0300,https://hh.ru/vacancy/122191171,,,
Санкт-Петербург,bi analyst,124310610,Аналитик,Академия профессионального коучинга и психологии 5 Prism,2025-08-27T09:59:10+0300,https://hh.ru/vacancy/124310610,60000.0,60000.0,RUR
Санкт-Петербург,bi analyst,123961841,Бизнес-аналитик,ГАРВИН (ГК ГаражТулс),2025-08-26T17:09:17+0300,https://hh.ru/vacancy/123961841,,,
Санкт-Петербург,bi analyst,124590796,Младший аналитик,Хорошей Дороги,2025-08-28T13:07:34+0300,https://hh.ru/vacancy/124590796,60000.0,,RUR
Санкт-Петербург,bi analyst,123960340,Аналитик данных,К2 ТУЛ,2025-08-27T14:21:17+0300,https://hh.ru/vacancy/123960340,,,
Санкт-Петербург,bi analyst,119679158,Product Analyst,НаПоправку,2025-08-25T14:26:15+0300,https://hh.ru/vacancy/119679158,,,
Санкт-Петербург,bi analyst,122156813,Аналитик,"Петрович, Строительный Торговый Дом",2025-08-25T11:04:54+0300,https://hh.ru/vacancy/122156813,,,
Санкт-Петербург,bi analyst,124548785,Team Lead BI аналитиков,LuckyGroup,2025-08-27T14:14:17+0300,https://hh.ru/vacancy/124548785,,,
Санкт-Петербург,bi analyst,124563260,Аналитик (отчетность отдела закупок),Крупная FMCG компания,2025-08-27T19:10:22+0300,https://hh.ru/vacancy/124563260,,,
Санкт-Петербург,bi analyst,123528263,Специалист по рыночным исследованиям / Маркетинговый аналитик (Market Research Specialist / Analyst),Профессиональные Комплексные Решения,2025-08-28T15:09:41+0300,https://hh.ru/vacancy/123528263,90000.0,160000.0,RUR
Санкт-Петербург,bi analyst,123262071,Аналитик данных ( Fine BI ),ПЕНОПЛЭКС,2025-08-25T11:19:12+0300,https://hh.ru/vacancy/123262071,,,
Санкт-Петербург,bi analyst,121154963,Аналитик,ПМЗ,2025-08-28T09:41:44+0300,https://hh.ru/vacancy/121154963,130000.0,,RUR
Санкт-Петербург,bi analyst,119554959,Ведущий специалист отдела оптимизации бизнес-процессов (BI-аналитик),ГСП-Комплектация,2025-08-25T10:22:52+0300,https://hh.ru/vacancy/119554959,,,
Санкт-Петербург,bi analyst,123671405,Продуктовый аналитик в Дзен,VK,2025-08-28T20:01:51+0300,https://hh.ru/vacancy/123671405,,,
Санкт-Петербург,bi analyst,124589954,Системный аналитик DWH,BI Consult,2025-08-28T12:52:50+0300,https://hh.ru/vacancy/124589954,,,
Санкт-Петербург,bi analyst,124486161,Практикант в Отдел Аналитики,Nikoliers,2025-08-26T11:31:47+0300,https://hh.ru/vacancy/124486161,,,
Санкт-Петербург,bi analyst,121543489,Продуктовый аналитик (MedTech),НаПоправку,2025-08-25T14:26:08+0300,https://hh.ru/vacancy/121543489,,,
Санкт-Петербург,bi analyst,124385763,Помощник аналитика / Младший специалист по данным и CRM (Битрикс24),Геодезическое Сопровождение Строительства,2025-08-22T19:18:50+0300,https://hh.ru/vacancy/124385763,60000.0,120000.0,RUR
Санкт-Петербург,bi analyst,124004984,Бизнес-аналитик (внедрение BI отчетности),"ЭТМ, компания",2025-08-20T15:34:28+0300,https://hh.ru/vacancy/124004984,,,
Санкт-Петербург,bi analyst,124460399,Бизнес-аналитик,RED SOLUTION,2025-08-25T18:14:50+0300,https://hh.ru/vacancy/124460399,120000.0,175000.0,RUR
Санкт-Петербург,bi analyst,124603295,Финансовый аналитик,Study Step by Step,2025-08-28T16:54:50+0300,https://hh.ru/vacancy/124603295,,,
Санкт-Петербург,bi analyst,124104935,Финансовый аналитик,Lindaily,2025-08-26T09:48:15+0300,https://hh.ru/vacancy/124104935,,,
Санкт-Петербург,bi analyst,123365016,Бизнес-аналитик,Вальд,2025-08-25T17:18:19+0300,https://hh.ru/vacancy/123365016,150000.0,,RUR
Санкт-Петербург,bi analyst,123438764,Руководитель отдела аналитики,Вальд,2025-08-26T10:01:11+0300,https://hh.ru/vacancy/123438764,250000.0,,RUR
Санкт-Петербург,bi analyst,122997634,Бизнес-аналитик,Джи Си консалтинг,2025-08-25T13:28:27+0300,https://hh.ru/vacancy/122997634,150000.0,,RUR
Санкт-Петербург,bi analyst,124129267,Data analyst / Аналитик данных (стажер),Aston,2025-08-16T11:00:12+0300,https://hh.ru/vacancy/124129267,,,
